,1-Month Treasury Yield,3-Month Treasury Yield,2-Year Treasury Yield,5-Year Treasury Yield,10-Year Treasury Yield,20-Year Treasury Yield,30-Year Treasury Yield,15-Year Mortgage Rate,30-Year Mortgage Rate
2001-08-03,3.63,3.52,3.91,4.72,5.2,5.7,5.59,6.54,7.0
2001-08-10,3.58,3.43,3.73,4.61,4.99,5.61,5.52,6.54,7.0
2001-08-17,3.46,3.36,3.67,4.49,4.84,5.51,5.43,6.48,6.92
2001-08-24,3.49,3.42,3.76,4.55,4.93,5.54,5.45,6.47,6.91
2001-08-31,3.4,3.37,3.64,4.46,4.85,5.47,5.39,6.47,6.92
2001-09-07,3.4,3.27,3.53,4.39,4.8,5.45,5.39,6.44,6.89
2001-09-14,2.54,2.64,2.87,3.92,4.57,5.38,5.35,6.39,6.86
2001-09-21,2.12,2.25,2.91,3.94,4.7,5.62,5.59,6.3,6.8
2001-09-28,2.28,2.4,2.86,3.93,4.6,5.45,5.42,6.23,6.72
2001-10-05,2.21,2.19,2.71,3.87,4.52,5.34,5.31,6.11,6.64
2001-10-12,2.31,2.25,2.81,4.01,4.68,5.45,5.42,6.06,6.58
2001-10-19,2.29,2.19,2.77,3.96,4.63,5.39,5.36,6.09,6.61
2001-10-26,2.26,2.14,2.63,3.88,4.53,5.27,5.27,6.13,6.64
2001-11-02,2.09,2.01,2.48,3.77,4.37,5.14,4.96,6.04,6.56
2001-11-09,1.92,1.83,2.45,3.62,4.34,5.05,4.88,5.94,6.45
2001-11-16,2.02,1.95,3.09,4.24,4.91,5.52,5.3,5.98,6.51
2001-11-23,2.0,1.95,3.2,4.4,5.04,5.65,5.39,6.24,6.75
2001-11-30,1.87,1.78,2.84,4.08,4.78,5.54,5.27,6.53,7.02
2001-12-07,1.69,1.69,3.19,4.5,5.2,5.9,5.6,6.3,6.84
2001-12-14,1.7,1.73,3.2,4.52,5.24,5.89,5.59,6.57,7.09
2001-12-21,1.67,1.71,3.17,4.45,5.12,5.76,5.45,6.65,7.17
2001-12-28,1.73,1.72,3.16,4.46,5.15,5.82,5.54,6.65,7.16
2002-01-04,1.72,1.72,3.19,4.5,5.18,5.87,5.57,6.62,7.14
2002-01-11,1.62,1.58,2.76,4.14,4.92,5.6,5.37,6.55,7.06
2002-01-18,1.59,1.62,2.91,4.23,4.94,5.59,5.36,6.31,6.83
2002-01-25,1.69,1.72,3.17,4.46,5.1,5.72,5.47,6.44,6.96
2002-02-01,1.69,1.76,3.08,4.37,5.02,5.63,5.4,6.51,7.02
2002-02-08,1.69,1.73,2.95,4.28,4.9,5.6,5.39,6.36,6.88
2002-02-15,1.72,1.74,2.97,4.27,4.86,5.58,5.37,6.35,6.86
2002-02-22,1.75,1.76,2.97,4.23,4.84,5.55,5.48,6.28,6.81
2002-03-01,1.78,1.77,3.18,4.43,4.98,5.7,5.6,6.28,6.8
2002-03-08,1.77,1.81,3.6,4.77,5.33,5.95,5.83,6.37,6.87
2002-03-15,1.79,1.86,3.63,4.8,5.35,5.98,5.86,6.59,7.08
2002-03-22,1.78,1.84,3.77,4.9,5.4,6.04,5.89,6.65,7.14
2002-04-05,1.76,1.76,3.49,4.68,5.22,5.84,5.79,6.64,7.13
2002-04-12,1.71,1.71,3.41,4.6,5.18,5.81,5.79,6.49,6.99
2002-04-19,1.69,1.73,3.36,4.62,5.21,5.85,5.8,6.42,6.94
2002-04-26,1.68,1.75,3.22,4.49,5.08,5.73,5.73,6.35,6.88
2002-05-03,1.73,1.76,3.17,4.48,5.08,5.7,5.65,6.26,6.78
2002-05-10,1.73,1.77,3.19,4.46,5.15,5.77,5.72,6.27,6.79
2002-05-17,1.73,1.76,3.41,4.6,5.27,5.94,5.84,6.37,6.89
2002-05-24,1.71,1.74,3.28,4.47,5.16,5.83,5.78,6.28,6.81
2002-05-31,1.72,1.74,3.22,4.37,5.08,5.77,5.75,6.22,6.76
2002-06-07,1.74,1.74,3.16,4.36,5.1,5.81,5.81,6.18,6.71
2002-06-14,1.71,1.71,2.92,4.1,4.83,5.54,5.59,6.17,6.71
2002-06-21,1.68,1.72,2.88,4.06,4.79,5.54,5.56,6.08,6.63
2002-06-28,1.69,1.7,2.9,4.09,4.86,5.65,5.7,5.99,6.55
2002-07-05,1.71,1.72,2.9,4.13,4.9,5.67,5.7,6.03,6.57
2002-07-12,1.71,1.71,2.56,3.82,4.63,5.45,5.55,6.0,6.54
2002-07-19,1.71,1.71,2.48,3.76,4.61,5.47,5.55,5.93,6.49
2002-07-26,1.71,1.69,2.2,3.46,4.43,5.42,5.52,5.76,6.34
2002-08-02,1.66,1.63,1.99,3.27,4.33,5.29,5.44,5.84,6.43
2002-08-09,1.66,1.62,2.1,3.28,4.27,5.22,5.35,5.69,6.31
2002-08-16,1.66,1.62,2.28,3.41,4.32,5.24,5.24,5.63,6.22
2002-08-23,1.66,1.65,2.19,3.31,4.25,5.15,5.25,5.71,6.27
2002-08-30,1.7,1.69,2.14,3.22,4.14,5.06,5.11,5.64,6.22
2002-09-06,1.68,1.66,2.08,3.1,4.05,5.0,5.07,5.56,6.15
2002-09-13,1.68,1.69,2.07,3.0,3.92,4.87,4.97,5.59,6.18
2002-09-20,1.64,1.65,1.94,2.86,3.79,4.82,4.95,5.47,6.05
2002-09-27,1.63,1.63,1.82,2.74,3.69,4.78,4.91,5.41,5.99
2002-10-04,1.6,1.61,1.78,2.73,3.69,4.77,5.0,5.4,6.01
2002-10-11,1.59,1.58,1.85,2.83,3.83,4.91,5.06,5.34,5.98
2002-10-18,1.66,1.67,2.09,3.17,4.14,5.17,5.32,5.56,6.15
2002-10-25,1.63,1.64,1.98,3.1,4.12,5.16,5.31,5.7,6.31
2002-11-01,1.44,1.43,1.76,2.92,4.01,5.07,5.3,5.51,6.13
2002-11-08,1.19,1.22,1.87,2.87,3.85,4.87,5.05,5.48,6.11
2002-11-15,1.23,1.22,1.91,3.05,4.05,5.02,5.12,5.32,5.94
2002-11-22,1.23,1.23,2.1,3.26,4.18,5.12,5.22,5.44,6.03
2002-11-29,1.25,1.22,2.08,3.28,4.22,5.18,5.23,5.57,6.13
2002-12-06,1.23,1.21,1.89,3.13,4.09,5.08,5.15,5.6,6.19
2002-12-13,1.2,1.21,1.87,3.08,4.07,5.03,5.15,5.46,6.04
2002-12-20,1.18,1.21,1.76,2.93,3.97,4.97,5.12,5.42,6.03
2002-12-27,1.07,1.16,1.6,2.79,3.83,4.83,5.06,5.32,5.93
2003-01-03,1.18,1.22,1.79,3.03,4.05,5.03,5.18,5.24,5.85
2003-01-10,1.17,1.2,1.79,3.2,4.16,5.14,5.24,5.33,5.95
2003-01-17,1.17,1.18,1.7,3.05,4.05,5.0,5.13,5.36,5.97
2003-01-24,1.14,1.16,1.66,2.93,3.94,4.92,5.05,5.31,5.91
2003-01-31,1.17,1.18,1.72,3.02,4.0,4.93,5.03,5.28,5.9
2003-02-07,1.17,1.17,1.63,2.97,3.96,4.88,4.98,5.27,5.88
2003-02-14,1.19,1.18,1.62,2.91,3.95,4.94,5.09,5.26,5.86
2003-02-21,1.2,1.19,1.63,2.86,3.9,4.88,5.08,5.21,5.84
2003-02-28,1.21,1.2,1.53,2.69,3.71,4.7,4.9,5.14,5.79
2003-03-07,1.16,1.12,1.39,2.56,3.63,4.67,4.9,5.01,5.67
2003-03-14,1.14,1.13,1.56,2.72,3.72,4.73,4.93,4.93,5.61
2003-03-21,1.18,1.18,1.8,3.12,4.11,5.08,5.23,5.11,5.79
2003-03-28,1.15,1.14,1.56,2.86,3.92,4.93,5.16,5.21,5.91
2003-04-04,1.17,1.11,1.55,2.88,3.96,4.97,5.2,5.06,5.79
2003-04-11,1.18,1.17,1.65,2.95,4.0,4.96,5.19,5.17,5.85
2003-04-25,1.13,1.14,1.57,2.88,3.91,4.83,5.04,5.12,5.79
2003-05-02,1.07,1.12,1.56,2.9,3.94,4.84,5.05,5.03,5.7
2003-05-09,1.07,1.11,1.45,2.61,3.69,4.64,4.95,4.97,5.62
2003-05-16,0.98,1.05,1.38,2.43,3.46,4.44,4.67,4.84,5.45
2003-05-23,1.14,1.08,1.38,2.33,3.34,4.28,4.44,4.73,5.34
2003-05-30,1.16,1.11,1.33,2.3,3.37,4.36,4.59,4.73,5.31
2003-06-06,1.14,1.05,1.27,2.29,3.37,4.37,4.66,4.66,5.26
2003-06-13,0.92,0.86,1.1,2.08,3.13,4.13,4.42,4.6,5.21
2003-06-20,0.81,0.83,1.22,2.31,3.4,4.41,4.7,4.62,5.21
2003-06-27,0.8,0.87,1.38,2.52,3.58,4.57,4.83,4.63,5.24
2003-07-11,0.89,0.89,1.29,2.52,3.66,4.65,4.94,4.85,5.52
2003-07-18,0.84,0.91,1.51,2.93,4.0,4.93,5.09,5.0,5.67
2003-07-25,0.92,0.93,1.52,3.1,4.22,5.15,5.31,5.27,5.94
2003-08-01,0.91,0.95,1.85,3.37,4.44,5.42,5.47,5.44,6.14
2003-08-08,0.91,0.96,1.72,3.17,4.27,5.29,5.4,5.66,6.34
2003-08-15,0.92,0.95,1.85,3.42,4.55,5.49,5.57,5.58,6.24
2003-08-22,0.96,0.98,1.97,3.47,4.48,5.37,5.4,5.6,6.28
2003-08-29,0.98,0.98,1.95,3.46,4.45,5.33,5.3,5.66,6.32
2003-09-05,0.95,0.96,1.72,3.28,4.35,5.29,5.32,5.77,6.44
2003-09-12,0.91,0.96,1.66,3.15,4.27,5.22,5.33,5.46,6.16
2003-09-19,0.88,0.95,1.7,3.11,4.17,5.12,5.2,5.3,6.01
2003-09-26,0.87,0.94,1.6,2.95,4.04,4.98,5.11,5.3,5.98
2003-10-03,0.87,0.94,1.65,3.12,4.21,5.15,5.23,5.1,5.77
2003-10-10,0.89,0.92,1.65,3.15,4.29,5.23,5.34,5.26,5.95
2003-10-17,0.9,0.93,1.9,3.33,4.41,5.32,5.37,5.36,6.05
2003-10-24,0.92,0.95,1.76,3.13,4.24,5.14,5.27,5.39,6.05
2003-10-31,0.96,0.96,1.85,3.27,4.33,5.2,5.28,5.26,5.94
2003-11-07,0.95,0.96,2.04,3.47,4.48,5.33,5.38,5.31,5.98
2003-11-14,0.92,0.95,1.84,3.19,4.22,5.1,5.21,5.39,6.03
2003-11-21,0.93,0.94,1.84,3.15,4.15,5.05,5.13,5.17,5.83
2003-11-28,0.96,0.93,2.06,3.38,4.34,5.2,5.23,5.22,5.89
2003-12-05,0.93,0.92,1.88,3.23,4.23,5.09,5.2,5.36,6.02
2003-12-12,0.88,0.91,1.84,3.23,4.26,5.12,5.23,5.24,5.88
2003-12-19,0.87,0.88,1.82,3.16,4.15,4.99,5.11,5.14,5.82
2003-12-26,0.76,0.87,1.82,3.17,4.17,4.99,5.15,5.13,5.81
2003-12-31,0.9,0.95,1.84,3.25,4.27,5.1,5.23,5.15,5.85
2004-01-08,0.87,0.88,1.85,3.24,4.27,5.12,5.2,5.17,5.87
2004-01-15,0.82,0.88,1.67,2.97,3.99,4.87,5.03,4.97,5.66
2004-01-22,0.74,0.88,1.66,2.96,3.99,4.86,5.02,4.95,5.64
2004-01-29,0.87,0.94,1.88,3.22,4.22,5.05,5.13,4.97,5.68
2004-02-05,0.89,0.94,1.85,3.21,4.2,5.02,5.13,5.03,5.72
2004-02-12,0.9,0.93,1.75,3.07,4.1,4.94,5.1,4.96,5.66
2004-02-19,0.93,0.94,1.7,3.02,4.05,4.91,5.04,4.87,5.58
2004-02-26,0.97,0.96,1.69,3.01,4.05,4.92,5.05,4.89,5.58
2004-03-04,0.97,0.96,1.73,3.02,4.04,4.89,4.99,4.88,5.59
2004-03-11,0.96,0.97,1.52,2.72,3.74,4.66,4.87,4.69,5.41
2004-03-18,0.93,0.93,1.55,2.72,3.76,4.66,4.87,4.69,5.38
2004-03-25,0.95,0.94,1.51,2.7,3.75,4.65,4.86,4.7,5.4
2004-04-01,0.95,0.93,1.65,2.87,3.91,4.77,5.01,4.84,5.52
2004-04-08,0.93,0.93,1.88,3.22,4.21,5.04,5.17,5.12,5.79
2004-04-15,0.92,0.95,2.1,3.45,4.42,5.22,5.33,5.23,5.89
2004-04-22,0.81,0.97,2.15,3.46,4.4,5.2,5.33,5.25,5.94
2004-04-29,0.85,0.97,2.34,3.66,4.55,5.33,5.41,5.35,6.01
2004-05-06,0.89,1.0,2.39,3.72,4.63,5.41,5.46,5.47,6.12
2004-05-13,0.88,1.0,2.67,4.01,4.85,5.61,5.61,5.72,6.34
2004-05-20,0.9,1.03,2.55,3.86,4.72,5.47,5.52,5.67,6.3
2004-05-27,0.94,1.06,2.46,3.74,4.6,5.34,5.45,5.69,6.32
2004-06-03,0.96,1.17,2.63,3.89,4.71,5.46,5.49,5.63,6.28
2004-06-10,1.02,1.3,2.81,4.0,4.81,5.52,5.51,5.67,6.3
2004-06-17,1.02,1.28,2.81,3.93,4.71,5.42,5.41,5.7,6.32
2004-06-24,1.1,1.29,2.74,3.85,4.66,5.36,5.44,5.64,6.25
2004-07-01,1.01,1.22,2.64,3.74,4.57,5.31,5.35,5.62,6.21
2004-07-08,1.14,1.27,2.55,3.65,4.49,5.24,5.32,5.42,6.01
2004-07-15,1.15,1.35,2.64,3.69,4.5,5.24,5.28,5.4,6.0
2004-07-22,1.21,1.37,2.69,3.71,4.48,5.22,5.3,5.39,5.98
2004-07-29,1.29,1.45,2.75,3.8,4.6,5.34,5.37,5.49,6.08
2004-08-05,1.34,1.48,2.64,3.64,4.43,5.18,5.22,5.4,5.99
2004-08-12,1.31,1.43,2.52,3.47,4.27,5.05,5.17,5.24,5.85
2004-08-19,1.35,1.48,2.43,3.39,4.22,5.03,5.14,5.19,5.81
2004-08-26,1.4,1.55,2.48,3.42,4.22,5.03,5.1,5.21,5.82
2004-09-02,1.46,1.6,2.46,3.4,4.2,4.99,5.07,5.15,5.77
2004-09-09,1.57,1.64,2.5,3.41,4.22,4.99,5.07,5.22,5.83
2004-09-16,1.55,1.67,2.44,3.29,4.08,4.86,4.95,5.13,5.75
2004-09-23,1.53,1.72,2.57,3.3,4.02,4.78,4.86,5.1,5.7
2004-09-30,1.47,1.71,2.63,3.38,4.14,4.89,4.97,5.12,5.72
2004-10-07,1.56,1.7,2.72,3.53,4.26,5.0,5.08,5.24,5.82
2004-10-14,1.6,1.74,2.48,3.26,4.03,4.81,4.93,5.14,5.74
2004-10-21,1.64,1.85,2.57,3.29,4.01,4.76,4.84,5.07,5.69
2004-10-28,1.71,1.91,2.59,3.34,4.09,4.83,4.91,5.01,5.64
2004-11-04,1.85,1.98,2.63,3.37,4.1,4.82,4.89,5.08,5.7
2004-11-18,1.91,2.13,2.86,3.48,4.12,4.82,4.86,5.15,5.74
2004-11-24,1.98,2.18,3.01,3.61,4.2,4.85,4.89,5.15,5.72
2004-12-02,2.06,2.22,3.04,3.75,4.4,5.07,5.11,5.23,5.81
2004-12-09,2.07,2.24,2.93,3.54,4.19,4.84,4.88,5.14,5.71
2004-12-16,1.93,2.2,3.01,3.58,4.19,4.84,4.88,5.11,5.68
2004-12-22,1.84,2.18,3.04,3.57,4.21,4.85,4.86,5.18,5.75
2004-12-29,1.76,2.22,3.12,3.69,4.33,4.96,4.97,5.23,5.81
2005-01-06,2.04,2.31,3.18,3.71,4.29,4.88,4.89,5.21,5.77
2005-01-13,2.06,2.35,3.21,3.68,4.2,4.75,4.77,5.19,5.74
2005-01-20,1.89,2.35,3.21,3.68,4.17,4.7,4.71,5.15,5.67
2005-01-27,2.16,2.44,3.28,3.75,4.22,4.73,4.71,5.14,5.66
2005-02-03,2.18,2.48,3.34,3.76,4.18,4.64,4.58,5.14,5.63
2005-02-10,2.35,2.51,3.29,3.65,4.07,4.52,4.5,5.1,5.57
2005-02-17,2.4,2.58,3.38,3.78,4.19,4.65,4.58,5.14,5.62
2005-02-24,2.48,2.69,3.52,3.91,4.29,4.74,4.67,5.22,5.69
2005-03-03,2.55,2.76,3.59,4.02,4.39,4.82,4.71,5.33,5.79
2005-03-10,2.6,2.75,3.68,4.13,4.48,4.85,4.74,5.38,5.85
2005-03-17,2.68,2.79,3.7,4.14,4.47,4.87,4.75,5.47,5.95
2005-03-24,2.7,2.84,3.88,4.3,4.6,4.97,4.84,5.56,6.01
2005-03-31,2.63,2.79,3.8,4.18,4.5,4.88,4.76,5.58,6.04
2005-04-07,2.61,2.77,3.72,4.13,4.49,4.9,4.78,5.48,5.93
2005-04-14,2.62,2.78,3.6,3.99,4.37,4.8,4.73,5.46,5.91
2005-04-21,2.59,2.88,3.65,3.97,4.32,4.73,4.62,5.36,5.8
2005-04-28,2.6,2.88,3.59,3.85,4.19,4.6,4.52,5.33,5.78
2005-05-05,2.6,2.81,3.58,3.82,4.19,4.64,4.6,5.31,5.75
2005-05-12,2.58,2.88,3.66,3.87,4.18,4.59,4.54,5.33,5.77
2005-05-19,2.63,2.87,3.64,3.84,4.11,4.52,4.44,5.27,5.71
2005-05-26,2.77,2.94,3.64,3.82,4.08,4.49,4.45,5.21,5.65
2005-06-02,2.8,2.97,3.52,3.65,3.89,4.28,4.2,5.2,5.62
2005-06-09,2.81,2.99,3.64,3.76,3.98,4.31,4.23,5.14,5.56
2005-06-16,2.76,2.98,3.7,3.87,4.09,4.45,4.36,5.22,5.63
2005-06-23,2.79,3.07,3.63,3.74,3.96,4.32,4.27,5.16,5.57
2005-06-30,2.99,3.13,3.66,3.72,3.94,4.28,4.19,5.12,5.53
2005-07-07,3.0,3.15,3.71,3.83,4.05,4.37,4.28,5.2,5.62
2005-07-14,3.04,3.23,3.86,3.98,4.19,4.49,4.4,5.25,5.66
2005-07-21,3.13,3.35,3.96,4.09,4.28,4.58,4.48,5.32,5.73
2005-07-28,3.25,3.41,3.96,4.04,4.2,4.48,4.38,5.34,5.77
2005-08-04,3.34,3.47,4.04,4.15,4.32,4.6,4.5,5.38,5.82
2005-08-11,3.31,3.51,4.1,4.18,4.32,4.6,4.51,5.47,5.89
2005-08-18,3.3,3.5,4.01,4.08,4.21,4.48,4.4,5.4,5.8
2005-08-25,3.34,3.54,4.0,4.06,4.18,4.45,4.37,5.35,5.77
2005-09-01,3.35,3.48,3.72,3.85,4.02,4.31,4.28,5.32,5.71
2005-09-08,3.31,3.48,3.87,3.94,4.15,4.45,4.43,5.3,5.71
2005-09-15,3.23,3.45,3.9,3.99,4.22,4.56,4.51,5.32,5.74
2005-09-22,2.99,3.47,3.95,3.99,4.19,4.52,4.47,5.37,5.8
2005-09-29,3.09,3.54,4.13,4.14,4.29,4.59,4.5,5.48,5.91
2005-10-06,3.34,3.61,4.2,4.23,4.37,4.64,4.55,5.54,5.98
2005-10-13,3.5,3.75,4.24,4.32,4.48,4.77,4.66,5.62,6.03
2005-10-20,3.46,3.85,4.27,4.33,4.46,4.75,4.62,5.65,6.1
2005-10-27,3.72,3.88,4.36,4.43,4.57,4.84,4.74,5.69,6.15
2005-11-03,3.81,3.94,4.47,4.55,4.65,4.94,4.79,5.85,6.31
2005-11-10,3.89,3.97,4.44,4.49,4.55,4.85,4.74,5.89,6.36
2005-11-17,3.98,4.01,4.37,4.39,4.46,4.75,4.6,5.9,6.37
2005-11-23,3.94,3.95,4.36,4.38,4.47,4.8,4.7,5.81,6.28
2005-12-01,3.99,3.97,4.45,4.45,4.52,4.83,4.68,5.81,6.26
2005-12-08,3.67,3.94,4.37,4.36,4.47,4.75,4.62,5.87,6.32
2005-12-15,3.6,3.93,4.37,4.38,4.47,4.75,4.62,5.85,6.3
2005-12-22,3.55,3.98,4.4,4.38,4.44,4.69,4.59,5.79,6.26
2005-12-29,3.67,4.01,4.38,4.33,4.37,4.6,4.49,5.76,6.22
2006-01-05,4.05,4.2,4.32,4.29,4.36,4.61,4.51,5.76,6.21
2006-01-12,4.16,4.32,4.39,4.35,4.42,4.66,4.56,5.71,6.15
2006-01-19,3.98,4.35,4.37,4.31,4.38,4.61,4.51,5.67,6.1
2006-01-26,4.17,4.45,4.49,4.44,4.53,4.76,4.66,5.7,6.12
2006-02-02,4.32,4.48,4.59,4.51,4.57,4.76,4.68,5.81,6.23
2006-02-09,4.32,4.52,4.66,4.55,4.54,4.72,4.51,5.83,6.24
2006-02-16,4.38,4.55,4.69,4.59,4.59,4.77,4.57,5.91,6.28
2006-02-23,4.44,4.59,4.72,4.63,4.56,4.7,4.51,5.89,6.26
2006-03-02,4.45,4.62,4.72,4.68,4.64,4.8,4.62,5.89,6.24
2006-03-09,4.44,4.6,4.72,4.75,4.74,4.91,4.72,6.0,6.37
2006-03-16,4.49,4.62,4.62,4.6,4.65,4.86,4.7,5.98,6.34
2006-03-23,4.66,4.67,4.77,4.73,4.73,4.93,4.75,5.97,6.32
2006-03-30,4.67,4.61,4.84,4.83,4.86,5.07,4.89,6.0,6.35
2006-04-06,4.65,4.68,4.84,4.84,4.9,5.13,4.96,6.1,6.43
2006-04-13,4.54,4.7,4.96,4.97,5.05,5.28,5.11,6.14,6.49
2006-04-20,4.55,4.73,4.89,4.92,5.04,5.29,5.14,6.17,6.53
2006-04-27,4.64,4.78,4.91,4.95,5.09,5.32,5.18,6.21,6.58
2006-05-04,4.61,4.8,4.97,5.03,5.16,5.38,5.23,6.22,6.59
2006-05-11,4.64,4.82,4.99,5.04,5.14,5.38,5.23,6.17,6.58
2006-05-18,4.75,4.83,4.94,4.96,5.08,5.32,5.18,6.2,6.6
2006-05-25,4.74,4.82,4.98,4.97,5.07,5.31,5.17,6.23,6.62
2006-06-01,4.75,4.83,5.04,5.03,5.11,5.34,5.2,6.26,6.67
2006-06-08,4.78,4.87,5.01,4.95,5.0,5.2,5.06,6.23,6.62
2006-06-15,4.6,4.85,5.14,5.08,5.1,5.27,5.13,6.25,6.63
2006-06-22,4.55,4.92,5.23,5.18,5.2,5.37,5.23,6.36,6.71
2006-06-29,4.68,5.01,5.21,5.17,5.22,5.39,5.26,6.43,6.78
2006-07-06,4.8,5.0,5.22,5.15,5.19,5.35,5.23,6.44,6.79
2006-07-13,4.88,5.05,5.12,5.04,5.08,5.23,5.12,6.37,6.74
2006-07-20,4.87,5.08,5.06,4.98,5.03,5.2,5.08,6.41,6.8
2006-07-27,5.02,5.1,5.07,4.98,5.07,5.22,5.11,6.34,6.72
2006-08-03,5.18,5.11,4.98,4.9,4.96,5.13,5.04,6.27,6.63
2006-08-10,5.12,5.05,4.93,4.86,4.93,5.15,5.06,6.2,6.55
2006-08-17,5.15,5.09,4.89,4.82,4.87,5.08,5.0,6.2,6.52
2006-08-24,5.16,5.09,4.88,4.78,4.81,5.02,4.94,6.18,6.48
2006-08-31,5.12,5.05,4.79,4.7,4.74,4.95,4.88,6.14,6.44
2006-09-07,4.89,4.97,4.82,4.74,4.8,5.01,4.94,6.16,6.47
2006-09-14,4.81,4.95,4.83,4.74,4.79,4.99,4.92,6.11,6.43
2006-09-21,4.72,4.92,4.71,4.6,4.65,4.86,4.78,6.06,6.4
2006-09-28,4.53,4.87,4.68,4.57,4.63,4.84,4.76,5.98,6.31
2006-10-05,4.81,4.94,4.65,4.55,4.61,4.84,4.76,5.98,6.3
2006-10-12,4.93,5.06,4.85,4.74,4.79,4.99,4.91,6.06,6.37
2006-10-19,5.02,5.1,4.85,4.75,4.79,4.99,4.91,6.06,6.36
2006-10-26,5.16,5.12,4.81,4.69,4.73,4.93,4.84,6.1,6.4
2006-11-02,5.18,5.07,4.67,4.55,4.6,4.8,4.72,6.02,6.31
2006-11-09,5.19,5.09,4.75,4.6,4.62,4.82,4.73,6.04,6.33
2006-11-16,5.22,5.09,4.85,4.67,4.66,4.84,4.74,5.94,6.24
2006-11-22,5.25,5.05,4.74,4.57,4.57,4.76,4.65,5.91,6.18
2006-11-30,5.22,5.03,4.62,4.45,4.46,4.66,4.56,5.87,6.14
2006-12-07,4.92,4.98,4.58,4.45,4.49,4.7,4.6,5.84,6.11
2006-12-14,4.87,4.96,4.73,4.58,4.6,4.81,4.72,5.86,6.12
2006-12-21,4.84,4.97,4.66,4.52,4.55,4.78,4.7,5.89,6.13
2006-12-28,4.74,5.0,4.82,4.69,4.7,4.9,4.81,5.93,6.18
2007-01-04,4.8,5.04,4.71,4.61,4.62,4.81,4.72,5.94,6.18
2007-01-11,4.99,5.11,4.86,4.73,4.74,4.92,4.82,5.96,6.21
2007-01-18,4.97,5.12,4.89,4.75,4.75,4.94,4.85,5.98,6.23
2007-01-25,4.97,5.14,4.98,4.85,4.87,5.06,4.96,5.98,6.25
2007-02-01,4.99,5.13,4.96,4.84,4.84,5.02,4.93,6.06,6.34
2007-02-08,5.15,5.16,4.87,4.73,4.73,4.93,4.81,6.02,6.28
2007-02-15,5.23,5.17,4.83,4.68,4.7,4.91,4.81,6.03,6.3
2007-02-22,5.26,5.19,4.87,4.72,4.73,4.94,4.83,5.97,6.22
2007-03-01,5.25,5.15,4.63,4.5,4.56,4.78,4.68,5.92,6.18
2007-03-08,5.24,5.1,4.56,4.45,4.51,4.74,4.65,5.86,6.14
2007-03-15,5.21,5.05,4.57,4.46,4.54,4.78,4.69,5.88,6.14
2007-03-22,5.23,5.06,4.58,4.49,4.6,4.86,4.78,5.9,6.16
2007-03-29,5.05,5.05,4.58,4.53,4.64,4.9,4.83,5.86,6.16
2007-04-05,5.1,5.04,4.63,4.57,4.68,4.95,4.87,5.87,6.17
2007-04-12,5.0,5.03,4.73,4.66,4.74,4.99,4.91,5.9,6.22
2007-04-19,4.93,4.99,4.64,4.57,4.68,4.92,4.84,5.89,6.17
2007-04-26,4.91,4.96,4.67,4.59,4.69,4.95,4.87,5.87,6.16
2007-05-03,4.74,4.9,4.71,4.59,4.68,4.91,4.84,5.87,6.16
2007-05-10,4.77,4.87,4.7,4.56,4.65,4.9,4.83,5.87,6.15
2007-05-17,4.8,4.81,4.78,4.68,4.76,4.99,4.91,5.92,6.21
2007-05-24,4.99,4.91,4.85,4.79,4.86,5.09,5.0,6.06,6.37
2007-05-31,4.78,4.73,4.92,4.86,4.9,5.1,5.01,6.12,6.42
2007-06-07,4.8,4.8,5.03,5.05,5.11,5.29,5.2,6.22,6.53
2007-06-14,4.51,4.65,5.1,5.16,5.23,5.39,5.3,6.43,6.74
2007-06-21,4.17,4.7,4.98,5.06,5.16,5.36,5.28,6.37,6.69
2007-06-28,4.08,4.78,4.96,5.02,5.12,5.3,5.22,6.34,6.67
2007-07-05,4.76,4.95,4.99,5.05,5.16,5.32,5.24,6.3,6.63
2007-07-12,4.73,4.97,4.94,5.03,5.13,5.29,5.22,6.39,6.73
2007-07-19,4.78,4.98,4.87,4.94,5.04,5.2,5.12,6.38,6.73
2007-07-26,4.98,4.92,4.56,4.61,4.79,5.02,4.95,6.37,6.69
2007-08-02,5.02,4.89,4.59,4.62,4.77,5.0,4.91,6.32,6.68
2007-08-09,4.7,4.81,4.49,4.58,4.79,5.1,5.02,6.25,6.59
2007-08-16,3.13,3.79,4.08,4.26,4.6,4.99,4.92,6.3,6.62
2007-08-23,3.79,3.89,4.2,4.36,4.62,4.98,4.93,6.18,6.52
2007-08-30,3.69,3.84,4.08,4.21,4.51,4.87,4.83,6.12,6.45
2007-09-06,4.28,4.29,4.08,4.2,4.51,4.84,4.79,6.15,6.46
2007-09-13,4.04,4.08,4.08,4.22,4.49,4.79,4.75,5.97,6.31
2007-09-20,3.46,3.79,4.1,4.35,4.69,4.99,4.96,5.98,6.34
2007-09-27,3.3,3.71,3.95,4.22,4.58,4.89,4.84,6.09,6.42
2007-10-04,3.63,3.96,4.0,4.22,4.54,4.83,4.77,6.03,6.37
2007-10-11,3.98,4.12,4.13,4.36,4.66,4.95,4.87,6.06,6.4
2007-10-18,3.21,3.76,3.93,4.17,4.52,4.84,4.78,6.08,6.4
2007-10-25,3.92,3.94,3.74,4.01,4.37,4.7,4.66,5.99,6.33
2007-11-01,3.9,3.81,3.77,4.02,4.36,4.69,4.64,5.91,6.26
2007-11-08,3.56,3.38,3.47,3.81,4.28,4.7,4.67,5.9,6.24
2007-11-15,3.74,3.3,3.35,3.71,4.17,4.58,4.54,5.88,6.24
2007-11-21,3.54,3.09,2.99,3.4,4.0,4.49,4.46,5.83,6.2
2007-11-29,3.38,2.99,3.06,3.42,3.94,4.39,4.35,5.73,6.1
2007-12-06,3.09,3.09,3.03,3.39,4.02,4.52,4.49,5.65,5.96
2007-12-13,2.7,2.87,3.21,3.54,4.18,4.66,4.61,5.78,6.11
2007-12-20,2.42,2.92,3.09,3.45,4.04,4.5,4.46,5.79,6.14
2007-12-27,2.85,3.17,3.24,3.64,4.21,4.66,4.61,5.79,6.17
2008-01-03,3.19,3.24,2.83,3.26,3.91,4.41,4.37,5.68,6.07
2008-01-10,3.37,3.24,2.71,3.16,3.91,4.47,4.44,5.43,5.87
2008-01-17,3.07,3.07,2.44,2.9,3.66,4.27,4.25,5.21,5.69
2008-01-24,2.19,2.37,2.25,2.85,3.68,4.37,4.36,4.95,5.48
2008-01-31,1.64,1.96,2.17,2.82,3.67,4.35,4.35,5.17,5.68
2008-02-07,2.19,2.17,1.99,2.79,3.74,4.5,4.51,5.15,5.67
2008-02-14,2.5,2.31,1.93,2.81,3.85,4.63,4.67,5.25,5.72
2008-02-21,2.35,2.2,1.98,2.8,3.77,4.52,4.54,5.64,6.04
2008-02-28,2.08,1.9,1.87,2.73,3.71,4.51,4.55,5.72,6.24
2008-03-06,1.73,1.39,1.53,2.5,3.62,4.52,4.57,5.47,6.03
2008-03-13,1.56,1.35,1.63,2.53,3.56,4.42,4.47,5.6,6.13
2008-03-20,0.37,0.63,1.59,2.36,3.34,4.15,4.17,5.27,5.87
2008-03-27,1.32,1.3,1.73,2.61,3.56,4.37,4.38,5.34,5.85
2008-04-03,1.56,1.4,1.91,2.75,3.61,4.41,4.4,5.42,5.88
2008-04-10,0.98,1.27,1.84,2.66,3.55,4.33,4.34,5.42,5.88
2008-04-17,0.87,1.23,2.13,2.9,3.75,4.5,4.54,5.4,5.88
2008-04-24,0.81,1.26,2.41,3.15,3.87,4.56,4.56,5.62,6.03
2008-05-01,1.23,1.45,2.37,3.06,3.78,4.49,4.49,5.59,6.06
2008-05-08,1.55,1.66,2.25,2.99,3.79,4.55,4.5,5.6,6.05
2008-05-15,1.84,1.83,2.45,3.1,3.83,4.55,4.56,5.6,6.01
2008-05-22,1.97,1.86,2.56,3.24,3.92,4.62,4.63,5.55,5.98
2008-05-29,2.02,1.9,2.67,3.41,4.08,4.77,4.76,5.66,6.08
2008-06-05,1.79,1.85,2.52,3.34,4.06,4.77,4.75,5.65,6.09
2008-06-12,1.92,2.0,3.03,3.68,4.23,4.83,4.77,5.93,6.32
2008-06-19,1.59,1.91,2.99,3.67,4.22,4.82,4.76,6.02,6.42
2008-06-26,1.42,1.74,2.68,3.44,4.07,4.67,4.62,6.04,6.45
2008-07-03,1.86,1.84,2.54,3.28,3.99,4.58,4.53,5.92,6.35
2008-07-10,1.48,1.67,2.44,3.1,3.83,4.47,4.42,5.91,6.37
2008-07-17,1.31,1.43,2.58,3.35,4.07,4.7,4.65,5.78,6.26
2008-07-24,1.69,1.65,2.61,3.37,4.03,4.66,4.6,6.18,6.63
2008-07-31,1.55,1.68,2.52,3.25,3.99,4.63,4.59,6.07,6.52
2008-08-07,1.53,1.66,2.43,3.16,3.92,4.58,4.56,6.1,6.52
2008-08-14,1.76,1.89,2.45,3.15,3.89,4.55,4.52,6.07,6.52
2008-08-21,1.73,1.72,2.33,3.08,3.84,4.49,4.46,6.0,6.47
2008-08-28,1.63,1.74,2.37,3.09,3.79,4.41,4.38,5.93,6.4
2008-09-04,1.56,1.69,2.2,2.87,3.64,4.31,4.27,5.9,6.35
2008-09-11,1.53,1.61,2.18,2.87,3.64,4.25,4.2,5.54,5.93
2008-09-18,0.26,0.23,1.78,2.67,3.54,4.19,4.14,5.35,5.78
2008-09-25,0.39,0.76,2.16,3.09,3.88,4.48,4.4,5.77,6.09
2008-10-02,0.21,0.63,1.62,2.68,3.66,4.28,4.16,5.78,6.1
2008-10-09,0.19,0.6,1.65,2.79,3.84,4.41,4.14,5.63,5.94
2008-10-16,0.12,0.46,1.61,2.84,3.99,4.59,4.25,6.14,6.46
2008-10-23,0.39,0.98,1.54,2.57,3.63,4.34,3.99,5.72,6.04
2008-10-30,0.14,0.41,1.59,2.84,4.0,4.67,4.3,6.19,6.46
2008-11-06,0.13,0.32,1.28,2.46,3.75,4.52,4.19,5.88,6.2
2008-11-13,0.08,0.22,1.24,2.43,3.84,4.57,4.34,5.81,6.14
2008-11-20,0.05,0.03,1.0,1.94,3.1,3.87,3.64,5.73,6.04
2008-11-26,0.02,0.05,1.09,2.01,2.99,3.77,3.54,5.74,5.97
2008-12-04,0.01,0.02,0.82,1.51,2.55,3.35,3.06,5.33,5.53
2008-12-11,0.0,0.01,0.79,1.55,2.64,3.35,3.07,5.2,5.47
2008-12-18,0.03,0.0,0.68,1.26,2.08,2.86,2.53,4.92,5.19
2008-12-24,0.0,0.0,0.9,1.54,2.2,2.94,2.63,4.91,5.14
2008-12-31,0.11,0.11,0.76,1.55,2.25,3.05,2.69,4.83,5.1
2009-01-08,0.04,0.09,0.83,1.6,2.47,3.4,3.04,4.62,5.01
2009-01-15,0.03,0.11,0.73,1.36,2.23,3.16,2.86,4.65,4.96
2009-01-22,0.03,0.1,0.75,1.61,2.62,3.61,3.25,4.8,5.12
2009-01-29,0.14,0.23,0.95,1.87,2.87,3.85,3.57,4.8,5.1
2009-02-05,0.21,0.29,0.98,1.89,2.95,3.86,3.63,4.92,5.25
2009-02-12,0.25,0.29,0.89,1.73,2.75,3.71,3.47,4.81,5.16
2009-02-19,0.22,0.3,1.01,1.89,2.85,3.92,3.68,4.68,5.04
2009-02-26,0.18,0.27,1.08,2.07,2.98,3.93,3.66,4.68,5.07
2009-03-05,0.11,0.2,0.9,1.82,2.83,3.76,3.51,4.72,5.15
2009-03-12,0.11,0.22,1.03,1.92,2.89,3.82,3.63,4.64,5.03
2009-03-19,0.1,0.2,0.87,1.64,2.61,3.64,3.62,4.61,4.98
2009-03-26,0.02,0.15,0.9,1.8,2.76,3.69,3.66,4.58,4.85
2009-04-02,0.17,0.22,0.88,1.74,2.77,3.63,3.57,4.52,4.78
2009-04-09,0.13,0.18,0.96,1.9,2.96,3.85,3.76,4.54,4.87
2009-04-16,0.02,0.13,0.91,1.79,2.86,3.81,3.72,4.48,4.82
2009-04-23,0.08,0.1,0.97,1.89,2.96,3.9,3.8,4.48,4.8
2009-04-30,0.04,0.14,0.91,2.02,3.16,4.1,4.05,4.48,4.78
2009-05-07,0.15,0.18,1.0,2.15,3.29,4.26,4.25,4.51,4.84
2009-05-14,0.1,0.16,0.87,1.98,3.1,4.04,4.06,4.52,4.86
2009-05-21,0.13,0.19,0.89,2.16,3.35,4.27,4.3,4.5,4.82
2009-05-28,0.14,0.15,0.97,2.46,3.67,4.52,4.54,4.53,4.91
2009-06-04,0.08,0.14,0.96,2.56,3.72,4.58,4.58,4.79,5.29
2009-06-11,0.09,0.19,1.35,2.87,3.88,4.67,4.69,5.06,5.59
2009-06-18,0.12,0.18,1.28,2.86,3.86,4.62,4.63,4.89,5.38
2009-06-25,0.07,0.18,1.12,2.58,3.55,4.31,4.33,4.87,5.42
2009-07-02,0.15,0.17,0.98,2.43,3.51,4.28,4.32,4.77,5.32
2009-07-09,0.16,0.19,0.94,2.33,3.44,4.26,4.31,4.69,5.2
2009-07-16,0.15,0.19,1.0,2.46,3.59,4.43,4.45,4.63,5.14
2009-07-23,0.15,0.19,1.08,2.6,3.72,4.55,4.58,4.68,5.2
2009-07-30,0.14,0.18,1.19,2.66,3.67,4.44,4.44,4.69,5.25
2009-08-06,0.15,0.17,1.22,2.73,3.79,4.51,4.53,4.63,5.22
2009-08-13,0.1,0.17,1.12,2.58,3.59,4.37,4.44,4.68,5.29
2009-08-20,0.11,0.17,1.03,2.43,3.42,4.18,4.24,4.56,5.12
2009-08-27,0.11,0.15,1.04,2.48,3.47,4.19,4.23,4.58,5.14
2009-09-03,0.09,0.15,0.91,2.29,3.33,4.09,4.15,4.54,5.08
2009-09-10,0.08,0.14,0.9,2.29,3.36,4.11,4.19,4.5,5.07
2009-09-17,0.03,0.1,0.98,2.41,3.42,4.14,4.19,4.47,5.04
2009-09-24,0.03,0.1,0.93,2.37,3.4,4.14,4.17,4.46,5.04
2009-10-01,0.03,0.1,0.87,2.2,3.21,3.95,3.97,4.36,4.94
2009-10-08,0.03,0.06,0.9,2.22,3.27,4.05,4.09,4.33,4.87
2009-10-15,0.06,0.07,0.97,2.41,3.49,4.29,4.31,4.37,4.92
2009-10-22,0.02,0.06,0.97,2.39,3.44,4.22,4.24,4.43,5.0
2009-10-29,0.02,0.06,0.98,2.44,3.53,4.31,4.35,4.46,5.03
2009-11-05,0.06,0.04,0.9,2.35,3.57,4.36,4.41,4.4,4.98
2009-11-12,0.06,0.07,0.82,2.28,3.45,4.33,4.41,4.36,4.91
2009-11-19,0.03,0.02,0.73,2.18,3.35,4.19,4.29,4.32,4.83
2009-11-25,0.07,0.05,0.73,2.11,3.28,4.12,4.23,4.29,4.78
2009-12-03,0.09,0.06,0.74,2.14,3.39,4.23,4.33,4.27,4.71
2009-12-10,0.01,0.02,0.78,2.19,3.49,4.37,4.5,4.32,4.81
2009-12-17,0.01,0.04,0.77,2.24,3.5,4.31,4.42,4.38,4.94
2009-12-24,0.02,0.05,1.0,2.57,3.82,4.6,4.68,4.45,5.05
2009-12-31,0.04,0.06,1.14,2.69,3.85,4.58,4.63,4.54,5.14
2010-01-07,0.02,0.05,1.03,2.62,3.85,4.62,4.69,4.5,5.09
2010-01-14,0.02,0.05,0.94,2.51,3.76,4.52,4.63,4.45,5.06
2010-01-21,0.02,0.06,0.87,2.38,3.62,4.38,4.5,4.4,4.99
2010-01-28,0.01,0.08,0.87,2.41,3.68,4.44,4.57,4.39,4.98
2010-02-04,0.04,0.09,0.8,2.29,3.62,4.39,4.53,4.4,5.01
2010-02-11,0.05,0.11,0.91,2.39,3.73,4.54,4.69,4.34,4.97
2010-02-18,0.07,0.1,0.9,2.46,3.79,4.61,4.74,4.33,4.93
2010-02-25,0.09,0.13,0.82,2.33,3.64,4.44,4.58,4.4,5.05
2010-03-04,0.09,0.14,0.86,2.28,3.61,4.4,4.56,4.33,4.97
2010-03-11,0.12,0.16,0.97,2.43,3.73,4.51,4.66,4.32,4.95
2010-03-18,0.14,0.16,0.98,2.44,3.68,4.43,4.59,4.33,4.96
2010-03-25,0.12,0.14,1.1,2.65,3.91,4.63,4.77,4.34,4.99
2010-04-01,0.16,0.16,1.05,2.59,3.89,4.58,4.74,4.39,5.08
2010-04-08,0.16,0.17,1.09,2.64,3.91,4.6,4.75,4.52,5.21
2010-04-15,0.16,0.16,1.04,2.57,3.86,4.56,4.72,4.4,5.07
2010-04-22,0.15,0.16,1.07,2.57,3.8,4.48,4.65,4.39,5.07
2010-04-29,0.15,0.17,1.01,2.49,3.76,4.42,4.6,4.39,5.06
2010-05-06,0.06,0.11,0.75,2.13,3.41,4.03,4.19,4.36,5.0
2010-05-13,0.15,0.16,0.87,2.27,3.55,4.26,4.47,4.3,4.93
2010-05-20,0.17,0.17,0.76,2.04,3.25,3.96,4.13,4.24,4.84
2010-05-27,0.16,0.17,0.87,2.18,3.34,4.08,4.24,4.21,4.78
2010-06-03,0.13,0.14,0.82,2.17,3.39,4.12,4.29,4.2,4.79
2010-06-10,0.06,0.1,0.79,2.12,3.33,4.06,4.25,4.17,4.72
2010-06-17,0.05,0.09,0.72,2.01,3.21,3.95,4.13,4.2,4.75
2010-06-24,0.07,0.13,0.67,1.93,3.14,3.91,4.09,4.13,4.69
2010-07-01,0.16,0.17,0.63,1.8,2.96,3.71,3.88,4.04,4.58
2010-07-08,0.17,0.15,0.63,1.8,3.04,3.81,4.0,4.07,4.57
2010-07-15,0.16,0.15,0.61,1.76,3.0,3.77,3.97,4.06,4.57
2010-07-22,0.15,0.16,0.6,1.69,2.96,3.75,3.95,4.03,4.56
2010-07-29,0.15,0.15,0.59,1.7,3.03,3.86,4.08,4.0,4.54
2010-08-05,0.15,0.15,0.53,1.57,2.94,3.78,4.05,3.95,4.49
2010-08-12,0.15,0.16,0.55,1.48,2.74,3.63,3.94,3.92,4.44
2010-08-19,0.16,0.16,0.49,1.41,2.58,3.37,3.66,3.9,4.42
2010-08-26,0.17,0.16,0.51,1.38,2.5,3.25,3.53,3.86,4.36
2010-09-02,0.15,0.14,0.5,1.43,2.63,3.41,3.72,3.83,4.32
2010-09-09,0.1,0.14,0.57,1.57,2.77,3.54,3.84,3.83,4.35
2010-09-16,0.12,0.16,0.48,1.48,2.77,3.61,3.92,3.82,4.37
2010-09-23,0.13,0.16,0.45,1.34,2.56,3.43,3.73,3.82,4.37
2010-09-30,0.14,0.16,0.42,1.27,2.53,3.38,3.69,3.75,4.32
2010-10-07,0.15,0.13,0.36,1.14,2.41,3.38,3.72,3.72,4.27
2010-10-14,0.15,0.14,0.38,1.18,2.52,3.54,3.91,3.62,4.19
2010-10-21,0.13,0.13,0.37,1.15,2.57,3.59,3.95,3.64,4.21
2010-10-28,0.14,0.13,0.37,1.23,2.69,3.7,4.05,3.66,4.23
2010-11-04,0.13,0.13,0.33,1.04,2.53,3.62,4.04,3.63,4.24
2010-11-18,0.13,0.15,0.52,1.51,2.9,3.95,4.29,3.76,4.39
2010-11-24,0.16,0.16,0.53,1.56,2.93,3.96,4.29,3.77,4.4
2010-12-02,0.16,0.16,0.55,1.68,3.01,3.97,4.27,3.81,4.46
2010-12-09,0.09,0.14,0.64,1.9,3.23,4.15,4.41,3.96,4.61
2010-12-16,0.08,0.13,0.66,2.06,3.47,4.32,4.57,4.17,4.83
2010-12-23,0.07,0.14,0.67,2.09,3.41,4.26,4.47,4.15,4.81
2010-12-30,0.05,0.12,0.66,2.06,3.38,4.21,4.43,4.2,4.86
2011-01-06,0.13,0.15,0.68,2.09,3.44,4.31,4.53,4.13,4.77
2011-01-13,0.15,0.15,0.59,1.93,3.34,4.24,4.5,4.08,4.71
2011-01-20,0.15,0.16,0.65,2.06,3.47,4.36,4.6,4.05,4.74
2011-01-27,0.13,0.15,0.59,1.98,3.42,4.31,4.57,4.09,4.8
2011-02-03,0.14,0.14,0.71,2.18,3.58,4.43,4.67,4.08,4.81
2011-02-10,0.08,0.12,0.85,2.4,3.7,4.55,4.75,4.29,5.05
2011-02-17,0.08,0.09,0.8,2.3,3.58,4.44,4.66,4.27,5.0
2011-02-24,0.13,0.13,0.73,2.19,3.46,4.29,4.54,4.22,4.95
2011-03-03,0.12,0.13,0.79,2.3,3.58,4.4,4.64,4.15,4.87
2011-03-10,0.04,0.08,0.65,2.05,3.37,4.25,4.53,4.15,4.88
2011-03-17,0.06,0.08,0.6,1.91,3.25,4.15,4.42,3.97,4.76
2011-03-24,0.04,0.09,0.72,2.14,3.42,4.25,4.48,4.04,4.81
2011-03-31,0.05,0.09,0.8,2.24,3.47,4.29,4.51,4.09,4.86
2011-04-07,0.03,0.04,0.81,2.29,3.58,4.41,4.63,4.1,4.87
2011-04-14,0.04,0.07,0.77,2.23,3.51,4.32,4.53,4.13,4.91
2011-04-21,0.03,0.06,0.68,2.14,3.42,4.24,4.47,4.02,4.8
2011-04-28,0.02,0.04,0.62,2.0,3.34,4.18,4.42,3.97,4.78
2011-05-05,0.01,0.02,0.58,1.88,3.18,4.0,4.26,3.89,4.71
2011-05-12,0.01,0.02,0.57,1.89,3.22,4.07,4.37,3.82,4.63
2011-05-19,0.02,0.05,0.55,1.85,3.17,4.01,4.3,3.8,4.61
2011-05-26,0.04,0.05,0.48,1.72,3.07,3.93,4.23,3.78,4.6
2011-06-02,0.04,0.04,0.45,1.65,3.04,3.92,4.25,3.74,4.55
2011-06-09,0.02,0.05,0.43,1.6,3.01,3.91,4.22,3.68,4.49
2011-06-16,0.02,0.05,0.38,1.52,2.93,3.84,4.16,3.67,4.5
2011-06-23,0.01,0.01,0.35,1.48,2.93,3.84,4.17,3.69,4.5
2011-06-30,0.01,0.03,0.45,1.76,3.18,4.09,4.38,3.69,4.51
2011-07-07,0.03,0.03,0.49,1.74,3.17,4.08,4.37,3.75,4.6
2011-07-14,0.01,0.01,0.38,1.51,2.98,3.92,4.25,3.65,4.51
2011-07-21,0.04,0.05,0.4,1.56,3.03,3.98,4.31,3.66,4.52
2011-07-28,0.1,0.07,0.42,1.52,2.98,3.93,4.26,3.66,4.55
2011-08-04,0.01,0.02,0.27,1.12,2.47,3.37,3.7,3.54,4.39
2011-08-11,0.01,0.03,0.19,1.02,2.34,3.34,3.82,3.5,4.32
2011-08-18,0.01,0.01,0.2,0.9,2.08,3.02,3.45,3.36,4.15
2011-08-25,0.01,0.01,0.22,0.98,2.23,3.17,3.6,3.44,4.22
2011-09-01,0.02,0.02,0.19,0.9,2.15,3.1,3.51,3.39,4.22
2011-09-08,0.01,0.02,0.19,0.88,2.0,2.92,3.32,3.33,4.12
2011-09-15,0.0,0.01,0.21,0.95,2.09,2.97,3.36,3.3,4.09
2011-09-22,0.0,0.0,0.2,0.79,1.72,2.48,2.78,3.29,4.09
2011-09-29,0.0,0.02,0.27,0.98,1.99,2.76,3.03,3.28,4.01
2011-10-06,0.01,0.01,0.29,1.01,2.01,2.71,2.96,3.26,3.94
2011-10-13,0.02,0.02,0.29,1.11,2.19,2.9,3.15,3.37,4.12
2011-10-20,0.02,0.03,0.28,1.07,2.2,2.92,3.19,3.38,4.11
2011-10-27,0.02,0.02,0.31,1.2,2.42,3.18,3.45,3.38,4.1
2011-11-03,0.01,0.01,0.24,0.91,2.09,2.83,3.1,3.31,4.0
2011-11-10,0.01,0.01,0.24,0.9,2.04,2.8,3.12,3.3,3.99
2011-11-17,0.01,0.02,0.27,0.88,1.96,2.66,2.98,3.31,4.0
2011-11-23,0.02,0.02,0.26,0.88,1.89,2.53,2.82,3.3,3.98
2011-12-01,0.02,0.01,0.27,0.97,2.11,2.82,3.12,3.3,4.0
2011-12-08,0.0,0.01,0.22,0.86,1.99,2.7,3.0,3.27,3.99
2011-12-15,0.0,0.0,0.26,0.86,1.92,2.6,2.92,3.21,3.94
2011-12-22,0.0,0.01,0.28,0.91,1.97,2.67,2.99,3.21,3.91
2011-12-29,0.0,0.02,0.28,0.88,1.91,2.58,2.9,3.24,3.95
2012-01-05,0.01,0.02,0.27,0.88,2.02,2.74,3.06,3.23,3.91
2012-01-12,0.02,0.03,0.22,0.84,1.94,2.65,2.97,3.16,3.89
2012-01-19,0.04,0.05,0.26,0.87,2.01,2.72,3.05,3.17,3.88
2012-01-26,0.04,0.05,0.22,0.77,1.96,2.74,3.1,3.24,3.98
2012-02-02,0.07,0.08,0.23,0.71,1.86,2.64,3.01,3.14,3.87
2012-02-09,0.06,0.09,0.27,0.86,2.04,2.83,3.2,3.16,3.87
2012-02-16,0.04,0.1,0.29,0.87,1.99,2.78,3.14,3.16,3.87
2012-02-23,0.07,0.09,0.31,0.88,1.99,2.77,3.13,3.19,3.95
2012-03-01,0.07,0.08,0.3,0.89,2.03,2.8,3.15,3.17,3.9
2012-03-08,0.07,0.08,0.32,0.89,2.03,2.82,3.18,3.13,3.88
2012-03-15,0.08,0.08,0.37,1.11,2.29,3.08,3.41,3.16,3.92
2012-03-22,0.06,0.08,0.37,1.13,2.29,3.04,3.37,3.3,4.08
2012-03-29,0.02,0.07,0.33,1.01,2.18,2.93,3.27,3.23,3.99
2012-04-05,0.07,0.08,0.35,1.01,2.19,2.97,3.32,3.21,3.98
2012-04-12,0.08,0.09,0.29,0.9,2.08,2.85,3.22,3.11,3.88
2012-04-19,0.04,0.07,0.27,0.84,1.98,2.74,3.12,3.13,3.9
2012-04-26,0.09,0.09,0.26,0.83,1.98,2.74,3.13,3.12,3.88
2012-05-03,0.05,0.09,0.28,0.82,1.96,2.72,3.12,3.07,3.84
2012-05-10,0.08,0.1,0.27,0.79,1.89,2.64,3.07,3.05,3.83
2012-05-17,0.08,0.1,0.32,0.74,1.7,2.39,2.8,3.04,3.79
2012-05-24,0.08,0.1,0.29,0.77,1.77,2.46,2.86,3.04,3.78
2012-05-31,0.03,0.07,0.27,0.67,1.59,2.27,2.67,2.97,3.75
2012-06-07,0.04,0.09,0.27,0.72,1.66,2.35,2.75,2.94,3.67
2012-06-14,0.08,0.11,0.3,0.73,1.64,2.33,2.73,2.98,3.71
2012-06-21,0.05,0.09,0.32,0.73,1.63,2.3,2.68,2.95,3.66
2012-06-28,0.02,0.09,0.31,0.69,1.6,2.28,2.67,2.94,3.66
2012-07-05,0.07,0.08,0.28,0.68,1.62,2.34,2.72,2.89,3.62
2012-07-12,0.08,0.1,0.25,0.63,1.5,2.18,2.57,2.86,3.56
2012-07-19,0.06,0.09,0.22,0.62,1.54,2.24,2.61,2.83,3.53
2012-07-26,0.08,0.11,0.23,0.58,1.45,2.13,2.49,2.8,3.49
2012-08-02,0.04,0.09,0.24,0.61,1.51,2.2,2.55,2.83,3.55
2012-08-09,0.1,0.11,0.29,0.74,1.69,2.4,2.78,2.84,3.59
2012-08-16,0.1,0.09,0.29,0.83,1.83,2.57,2.96,2.88,3.62
2012-08-23,0.1,0.11,0.26,0.71,1.68,2.41,2.79,2.89,3.66
2012-08-30,0.12,0.1,0.27,0.66,1.63,2.36,2.75,2.86,3.59
2012-09-06,0.1,0.11,0.27,0.68,1.68,2.41,2.8,2.86,3.55
2012-09-13,0.1,0.1,0.24,0.65,1.75,2.53,2.95,2.85,3.55
2012-09-20,0.06,0.11,0.27,0.7,1.8,2.58,2.96,2.77,3.49
2012-09-27,0.05,0.09,0.25,0.64,1.66,2.43,2.83,2.73,3.4
2012-10-04,0.1,0.1,0.23,0.63,1.7,2.48,2.89,2.69,3.36
2012-10-11,0.12,0.1,0.28,0.67,1.7,2.45,2.86,2.7,3.39
2012-10-18,0.12,0.1,0.29,0.79,1.86,2.63,3.02,2.66,3.37
2012-10-25,0.13,0.11,0.31,0.82,1.86,2.6,2.98,2.72,3.41
2012-11-01,0.06,0.09,0.3,0.73,1.75,2.5,2.89,2.7,3.39
2012-11-08,0.13,0.1,0.27,0.65,1.62,2.35,2.77,2.69,3.4
2012-11-15,0.13,0.08,0.24,0.62,1.58,2.3,2.72,2.65,3.34
2012-11-21,0.17,0.1,0.27,0.69,1.69,2.42,2.83,2.63,3.31
2012-11-29,0.16,0.09,0.25,0.63,1.62,2.37,2.79,2.64,3.32
2012-12-06,0.07,0.1,0.25,0.6,1.59,2.33,2.76,2.67,3.34
2012-12-13,0.02,0.06,0.27,0.7,1.74,2.49,2.9,2.66,3.32
2012-12-20,0.02,0.06,0.28,0.77,1.81,2.57,2.98,2.65,3.37
2012-12-27,0.01,0.08,0.26,0.72,1.74,2.48,2.89,2.65,3.35
2013-01-03,0.06,0.08,0.27,0.81,1.92,2.7,3.12,2.64,3.34
2013-01-10,0.05,0.06,0.26,0.8,1.91,2.68,3.08,2.66,3.4
2013-01-17,0.05,0.07,0.28,0.79,1.89,2.66,3.06,2.66,3.38
2013-01-24,0.06,0.08,0.23,0.78,1.88,2.64,3.04,2.71,3.42
2013-01-31,0.04,0.07,0.27,0.88,2.02,2.79,3.17,2.81,3.53
2013-02-07,0.03,0.07,0.25,0.83,1.99,2.78,3.17,2.77,3.53
2013-02-14,0.1,0.11,0.27,0.86,2.0,2.79,3.17,2.77,3.53
2013-02-21,0.12,0.13,0.26,0.86,1.99,2.79,3.17,2.77,3.56
2013-02-28,0.07,0.11,0.25,0.77,1.89,2.71,3.1,2.76,3.51
2013-03-07,0.1,0.1,0.25,0.85,2.0,2.82,3.2,2.76,3.52
2013-03-14,0.08,0.1,0.27,0.88,2.04,2.87,3.25,2.79,3.63
2013-03-21,0.08,0.07,0.27,0.81,1.95,2.77,3.15,2.72,3.54
2013-03-28,0.04,0.07,0.25,0.77,1.87,2.71,3.1,2.76,3.57
2013-04-04,0.07,0.07,0.22,0.69,1.78,2.6,2.99,2.74,3.54
2013-04-11,0.06,0.07,0.24,0.74,1.82,2.62,3.01,2.65,3.43
2013-04-18,0.03,0.05,0.24,0.71,1.72,2.49,2.87,2.64,3.41
2013-04-25,0.04,0.05,0.23,0.71,1.74,2.52,2.91,2.61,3.4
2013-05-02,0.02,0.05,0.2,0.65,1.66,2.44,2.82,2.56,3.35
2013-05-09,0.02,0.04,0.22,0.75,1.81,2.6,3.01,2.61,3.42
2013-05-16,0.0,0.03,0.23,0.79,1.87,2.69,3.09,2.69,3.51
2013-05-23,0.03,0.05,0.26,0.91,2.02,2.82,3.2,2.77,3.59
2013-05-30,0.02,0.04,0.31,1.01,2.13,2.92,3.28,2.98,3.81
2013-06-06,0.04,0.05,0.3,1.01,2.08,2.89,3.23,3.03,3.91
2013-06-13,0.04,0.05,0.32,1.11,2.19,2.99,3.33,3.1,3.98
2013-06-20,0.03,0.05,0.33,1.31,2.41,3.18,3.49,3.04,3.93
2013-06-27,0.02,0.06,0.36,1.38,2.49,3.22,3.54,3.5,4.46
2013-07-03,0.03,0.05,0.36,1.42,2.52,3.22,3.49,3.39,4.29
2013-07-11,0.02,0.04,0.34,1.4,2.6,3.33,3.64,3.53,4.51
2013-07-18,0.01,0.03,0.32,1.35,2.56,3.32,3.63,3.41,4.37
2013-07-25,0.02,0.02,0.32,1.38,2.61,3.34,3.65,3.39,4.31
2013-08-01,0.02,0.04,0.35,1.49,2.74,3.48,3.77,3.43,4.39
2013-08-08,0.05,0.05,0.3,1.36,2.58,3.37,3.65,3.43,4.4
2013-08-15,0.05,0.05,0.36,1.54,2.77,3.54,3.81,3.44,4.4
2013-08-22,0.01,0.03,0.42,1.71,2.9,3.63,3.88,3.6,4.58
2013-08-29,0.03,0.02,0.39,1.6,2.75,3.45,3.7,3.54,4.51
2013-09-05,0.03,0.02,0.52,1.85,2.98,3.64,3.88,3.59,4.57
2013-09-12,0.01,0.01,0.45,1.72,2.92,3.6,3.85,3.59,4.57
2013-09-19,0.0,0.01,0.34,1.49,2.76,3.52,3.8,3.54,4.5
2013-09-26,0.04,0.0,0.34,1.43,2.66,3.41,3.69,3.37,4.32
2013-10-03,0.12,0.03,0.33,1.36,2.62,3.4,3.71,3.29,4.22
2013-10-10,0.25,0.05,0.35,1.44,2.71,3.46,3.75,3.31,4.23
2013-10-17,0.01,0.05,0.33,1.35,2.61,3.36,3.66,3.33,4.28
2013-10-24,0.02,0.03,0.33,1.32,2.53,3.3,3.61,3.24,4.13
2013-10-31,0.03,0.04,0.31,1.31,2.57,3.33,3.63,3.2,4.1
2013-11-07,0.04,0.05,0.29,1.31,2.63,3.41,3.71,3.27,4.16
2013-11-14,0.06,0.08,0.29,1.34,2.69,3.49,3.79,3.35,4.35
2013-11-21,0.02,0.07,0.29,1.38,2.79,3.59,3.89,3.27,4.22
2013-11-27,0.06,0.07,0.28,1.36,2.74,3.52,3.81,3.3,4.29
2013-12-05,0.02,0.06,0.3,1.49,2.88,3.65,3.92,3.47,4.46
2013-12-12,0.01,0.07,0.34,1.55,2.89,3.63,3.91,3.43,4.42
2013-12-19,0.01,0.06,0.35,1.63,2.94,3.64,3.91,3.51,4.47
2013-12-26,0.0,0.07,0.42,1.74,3.0,3.68,3.92,3.52,4.48
2014-01-02,0.01,0.07,0.39,1.72,3.0,3.68,3.92,3.55,4.53
2014-01-09,0.01,0.04,0.44,1.75,2.97,3.62,3.88,3.56,4.51
2014-01-16,0.01,0.04,0.41,1.66,2.86,3.52,3.77,3.45,4.41
2014-01-23,0.01,0.04,0.39,1.62,2.79,3.44,3.68,3.44,4.39
2014-01-30,0.04,0.02,0.36,1.55,2.72,3.4,3.65,3.4,4.32
2014-02-06,0.07,0.07,0.33,1.52,2.73,3.42,3.67,3.33,4.23
2014-02-13,0.01,0.03,0.32,1.51,2.73,3.4,3.7,3.33,4.28
2014-02-20,0.02,0.05,0.34,1.57,2.76,3.44,3.73,3.35,4.33
2014-02-27,0.04,0.04,0.33,1.49,2.65,3.31,3.6,3.39,4.37
2014-03-06,0.06,0.05,0.37,1.57,2.74,3.4,3.68,3.32,4.28
2014-03-13,0.06,0.05,0.34,1.53,2.66,3.31,3.6,3.38,4.37
2014-03-20,0.06,0.06,0.45,1.73,2.79,3.4,3.67,3.32,4.32
2014-03-27,0.02,0.04,0.45,1.7,2.69,3.25,3.52,3.42,4.4
2014-04-03,0.03,0.02,0.46,1.79,2.8,3.38,3.62,3.47,4.41
2014-04-10,0.03,0.04,0.37,1.59,2.65,3.24,3.52,3.38,4.34
2014-04-17,0.02,0.03,0.43,1.75,2.73,3.27,3.52,3.33,4.27
2014-04-24,0.0,0.01,0.43,1.74,2.7,3.22,3.46,3.39,4.33
2014-05-01,0.02,0.03,0.41,1.66,2.63,3.16,3.41,3.38,4.29
2014-05-08,0.02,0.03,0.4,1.63,2.61,3.17,3.45,3.32,4.21
2014-05-15,0.01,0.03,0.38,1.55,2.5,3.05,3.33,3.29,4.2
2014-05-22,0.03,0.03,0.37,1.57,2.56,3.15,3.43,3.25,4.14
2014-05-29,0.05,0.04,0.37,1.52,2.45,3.03,3.31,3.21,4.12
2014-06-05,0.03,0.04,0.4,1.63,2.59,3.17,3.44,3.23,4.14
2014-06-12,0.02,0.04,0.42,1.66,2.58,3.14,3.41,3.31,4.2
2014-06-19,0.01,0.02,0.48,1.71,2.64,3.2,3.47,3.3,4.17
2014-06-26,0.01,0.04,0.46,1.64,2.53,3.08,3.35,3.22,4.14
2014-07-03,0.01,0.01,0.52,1.74,2.65,3.21,3.47,3.22,4.12
2014-07-10,0.02,0.02,0.46,1.66,2.55,3.1,3.38,3.24,4.15
2014-07-17,0.02,0.02,0.47,1.65,2.47,3.01,3.27,3.23,4.13
2014-07-24,0.04,0.03,0.53,1.72,2.52,3.04,3.3,3.26,4.13
2014-07-31,0.01,0.03,0.53,1.76,2.58,3.07,3.32,3.23,4.12
2014-08-07,0.03,0.03,0.44,1.6,2.43,2.97,3.23,3.27,4.14
2014-08-14,0.04,0.04,0.42,1.58,2.4,2.93,3.2,3.24,4.12
2014-08-21,0.03,0.02,0.49,1.64,2.41,2.92,3.19,3.23,4.1
2014-08-28,0.02,0.03,0.5,1.63,2.34,2.82,3.08,3.25,4.1
2014-09-04,0.02,0.03,0.54,1.71,2.45,2.95,3.21,3.24,4.1
2014-09-11,0.01,0.02,0.58,1.79,2.54,3.02,3.27,3.26,4.12
2014-09-18,0.01,0.02,0.59,1.85,2.63,3.12,3.36,3.37,4.23
2014-09-25,0.0,0.01,0.56,1.75,2.52,2.98,3.22,3.36,4.2
2014-10-02,0.01,0.01,0.53,1.7,2.44,2.9,3.15,3.36,4.19
2014-10-09,0.02,0.01,0.46,1.58,2.34,2.81,3.07,3.3,4.12
2014-10-16,0.04,0.03,0.35,1.39,2.17,2.66,2.94,3.18,3.97
2014-10-23,0.02,0.01,0.41,1.52,2.29,2.77,3.05,3.08,3.92
2014-10-30,0.01,0.01,0.48,1.58,2.32,2.77,3.04,3.13,3.98
2014-11-06,0.04,0.03,0.54,1.67,2.39,2.83,3.09,3.21,4.02
2014-11-13,0.05,0.02,0.53,1.64,2.35,2.8,3.08,3.2,4.01
2014-11-20,0.04,0.02,0.53,1.64,2.34,2.78,3.05,3.17,3.99
2014-11-26,0.06,0.02,0.53,1.56,2.24,2.67,2.95,3.17,3.97
2014-12-04,0.03,0.02,0.55,1.59,2.25,2.66,2.94,3.1,3.89
2014-12-11,0.02,0.03,0.62,1.62,2.19,2.54,2.84,3.2,3.93
2014-12-18,0.04,0.04,0.67,1.68,2.22,2.54,2.82,3.09,3.8
2014-12-24,0.01,0.01,0.73,1.76,2.27,2.56,2.83,3.1,3.83
2014-12-31,0.03,0.04,0.67,1.65,2.17,2.47,2.75,3.15,3.87
2015-01-08,0.01,0.03,0.62,1.5,2.03,2.33,2.59,3.05,3.73
2015-01-15,0.03,0.03,0.44,1.22,1.77,2.12,2.4,2.98,3.66
2015-01-22,0.02,0.03,0.53,1.39,1.9,2.21,2.46,2.93,3.63
2015-01-29,0.01,0.03,0.51,1.28,1.77,2.11,2.33,2.98,3.66
2015-02-05,0.02,0.02,0.52,1.3,1.83,2.2,2.42,2.92,3.59
2015-02-12,0.02,0.02,0.61,1.5,1.99,2.33,2.58,2.99,3.69
2015-02-19,0.02,0.02,0.67,1.58,2.11,2.5,2.73,3.05,3.76
2015-02-26,0.02,0.03,0.66,1.54,2.03,2.39,2.63,3.07,3.8
2015-03-05,0.02,0.02,0.65,1.57,2.11,2.49,2.71,3.03,3.75
2015-03-12,0.03,0.03,0.67,1.59,2.1,2.47,2.69,3.1,3.86
2015-03-19,0.02,0.03,0.63,1.48,1.98,2.33,2.54,3.06,3.78
2015-03-26,0.02,0.03,0.61,1.47,2.01,2.37,2.6,2.97,3.69
2015-04-02,0.02,0.02,0.55,1.35,1.92,2.29,2.53,2.98,3.7
2015-04-09,0.02,0.03,0.56,1.4,1.97,2.35,2.61,2.93,3.66
2015-04-16,0.03,0.02,0.5,1.31,1.9,2.31,2.56,2.94,3.67
2015-04-23,0.01,0.03,0.55,1.37,1.96,2.38,2.63,2.92,3.65
2015-04-30,0.0,0.01,0.58,1.43,2.05,2.49,2.75,2.94,3.68
2015-05-07,0.01,0.01,0.63,1.55,2.18,2.63,2.9,3.02,3.8
2015-05-14,0.0,0.01,0.56,1.51,2.23,2.76,3.03,3.07,3.85
2015-05-21,0.02,0.02,0.6,1.53,2.19,2.71,2.98,3.05,3.84
2015-05-28,0.01,0.01,0.62,1.51,2.13,2.64,2.89,3.11,3.87
2015-06-04,0.02,0.02,0.66,1.65,2.31,2.78,3.03,3.08,3.87
2015-06-11,0.01,0.01,0.73,1.74,2.39,2.84,3.11,3.25,4.04
2015-06-18,0.0,0.01,0.66,1.65,2.35,2.86,3.14,3.23,4.0
2015-06-25,0.0,0.01,0.68,1.7,2.4,2.88,3.16,3.21,4.02
2015-07-02,0.01,0.01,0.64,1.64,2.4,2.9,3.19,3.24,4.08
2015-07-09,0.02,0.03,0.6,1.58,2.32,2.8,3.11,3.2,4.04
2015-07-16,0.03,0.02,0.67,1.66,2.36,2.81,3.11,3.25,4.09
2015-07-23,0.04,0.03,0.71,1.65,2.28,2.67,2.98,3.21,4.04
2015-07-30,0.05,0.07,0.72,1.62,2.28,2.66,2.96,3.17,3.98
2015-08-06,0.04,0.04,0.71,1.62,2.23,2.59,2.9,3.13,3.91
2015-08-13,0.06,0.1,0.72,1.58,2.19,2.54,2.86,3.17,3.94
2015-08-20,0.01,0.02,0.69,1.5,2.09,2.45,2.76,3.15,3.93
2015-08-27,0.02,0.06,0.68,1.49,2.18,2.61,2.93,3.06,3.84
2015-09-03,0.02,0.02,0.71,1.49,2.18,2.64,2.95,3.09,3.89
2015-09-10,0.02,0.02,0.75,1.55,2.23,2.66,2.98,3.1,3.9
2015-09-17,0.0,0.01,0.7,1.5,2.21,2.69,3.02,3.11,3.91
2015-09-24,0.0,0.01,0.67,1.44,2.13,2.55,2.91,3.08,3.86
2015-10-01,0.0,0.0,0.64,1.37,2.05,2.49,2.85,3.07,3.85
2015-10-08,0.0,0.0,0.65,1.4,2.12,2.56,2.96,2.99,3.76
2015-10-15,0.0,0.01,0.61,1.34,2.04,2.46,2.87,3.03,3.82
2015-10-22,0.02,0.0,0.61,1.36,2.04,2.48,2.87,2.98,3.79
2015-10-29,0.02,0.07,0.75,1.53,2.19,2.6,2.96,2.98,3.76
2015-11-05,0.04,0.05,0.85,1.65,2.26,2.68,3.01,3.09,3.87
2015-11-12,0.08,0.14,0.89,1.73,2.32,2.75,3.09,3.2,3.98
2015-11-19,0.06,0.11,0.91,1.68,2.24,2.66,3.0,3.18,3.97
2015-11-25,0.14,0.19,0.93,1.66,2.23,2.64,3.0,3.18,3.95
2015-12-03,0.18,0.21,0.96,1.74,2.33,2.72,3.07,3.16,3.93
2015-12-10,0.19,0.24,0.95,1.68,2.24,2.6,2.98,3.19,3.95
2015-12-17,0.18,0.23,1.0,1.73,2.24,2.57,2.94,3.22,3.97
2015-12-24,0.15,0.2,1.03,1.73,2.25,2.61,2.96,3.22,3.96
2015-12-31,0.14,0.16,1.06,1.76,2.27,2.67,3.01,3.24,4.01
2016-01-07,0.2,0.2,0.96,1.61,2.16,2.56,2.92,3.26,3.97
2016-01-14,0.22,0.25,0.9,1.52,2.1,2.51,2.9,3.19,3.92
2016-01-21,0.27,0.28,0.84,1.44,2.02,2.42,2.79,3.1,3.81
2016-01-28,0.26,0.35,0.83,1.4,2.0,2.41,2.79,3.07,3.79
2016-02-04,0.24,0.29,0.7,1.25,1.87,2.29,2.7,3.01,3.72
2016-02-11,0.27,0.28,0.64,1.11,1.63,2.06,2.5,2.95,3.65
2016-02-18,0.28,0.3,0.71,1.21,1.75,2.17,2.62,2.95,3.65
2016-02-25,0.27,0.32,0.72,1.16,1.71,2.14,2.58,2.93,3.62
2016-03-03,0.25,0.28,0.85,1.33,1.83,2.23,2.65,2.94,3.64
2016-03-10,0.27,0.32,0.93,1.45,1.93,2.29,2.7,2.96,3.68
2016-03-17,0.29,0.29,0.87,1.39,1.91,2.28,2.69,2.99,3.73
2016-03-24,0.24,0.3,0.89,1.39,1.91,2.28,2.67,2.96,3.71
2016-03-31,0.18,0.21,0.73,1.21,1.78,2.2,2.61,2.98,3.71
2016-04-07,0.2,0.23,0.7,1.14,1.7,2.1,2.52,2.88,3.59
2016-04-14,0.21,0.22,0.77,1.26,1.8,2.18,2.61,2.86,3.58
2016-04-21,0.19,0.23,0.82,1.35,1.88,2.29,2.69,2.85,3.59
2016-04-28,0.17,0.22,0.78,1.28,1.84,2.27,2.68,2.89,3.66
2016-05-05,0.2,0.2,0.72,1.2,1.76,2.17,2.6,2.86,3.61
2016-05-12,0.25,0.27,0.76,1.24,1.75,2.18,2.6,2.81,3.57
2016-05-19,0.25,0.31,0.89,1.38,1.85,2.24,2.64,2.81,3.58
2016-05-26,0.17,0.31,0.87,1.35,1.83,2.24,2.64,2.89,3.64
2016-06-02,0.19,0.29,0.89,1.36,1.81,2.17,2.58,2.92,3.66
2016-06-09,0.21,0.26,0.77,1.22,1.68,2.05,2.48,2.87,3.6
2016-06-16,0.23,0.27,0.7,1.1,1.57,1.96,2.39,2.81,3.54
2016-06-23,0.27,0.31,0.78,1.25,1.74,2.12,2.55,2.83,3.56
2016-06-30,0.2,0.26,0.58,1.01,1.49,1.86,2.3,2.78,3.48
2016-07-07,0.27,0.29,0.58,0.97,1.4,1.72,2.14,2.74,3.41
2016-07-14,0.29,0.32,0.68,1.1,1.53,1.84,2.25,2.72,3.42
2016-07-21,0.28,0.32,0.7,1.11,1.57,1.9,2.29,2.75,3.45
2016-07-28,0.19,0.25,0.72,1.09,1.52,1.83,2.23,2.78,3.48
2016-08-04,0.24,0.26,0.64,1.03,1.51,1.84,2.25,2.74,3.43
2016-08-11,0.27,0.28,0.76,1.16,1.57,1.89,2.28,2.76,3.45
2016-08-18,0.27,0.3,0.71,1.12,1.53,1.89,2.26,2.74,3.43
2016-08-25,0.28,0.33,0.78,1.16,1.58,1.91,2.27,2.74,3.43
2016-09-01,0.27,0.33,0.78,1.18,1.57,1.9,2.23,2.77,3.46
2016-09-08,0.26,0.35,0.78,1.19,1.61,1.98,2.32,2.76,3.44
2016-09-15,0.2,0.29,0.74,1.2,1.71,2.13,2.48,2.77,3.5
2016-09-22,0.1,0.18,0.79,1.18,1.63,2.02,2.34,2.76,3.48
2016-09-29,0.12,0.26,0.73,1.12,1.56,1.95,2.28,2.72,3.42
2016-10-06,0.26,0.33,0.86,1.28,1.75,2.14,2.46,2.72,3.42
2016-10-13,0.26,0.3,0.85,1.27,1.75,2.15,2.48,2.76,3.47
2016-10-20,0.25,0.35,0.84,1.26,1.76,2.17,2.5,2.79,3.52
2016-10-27,0.19,0.3,0.87,1.33,1.85,2.26,2.6,2.78,3.47
2016-11-03,0.24,0.38,0.81,1.26,1.82,2.25,2.6,2.84,3.54
2016-11-10,0.3,0.48,0.92,1.56,2.15,2.58,2.94,2.88,3.57
2016-11-17,0.3,0.44,1.04,1.73,2.29,2.69,3.01,3.14,3.94
2016-11-23,0.35,0.51,1.12,1.83,2.36,2.71,3.02,3.25,4.03
2016-12-01,0.32,0.48,1.14,1.9,2.45,2.82,3.1,3.34,4.08
2016-12-08,0.39,0.51,1.12,1.83,2.4,2.81,3.1,3.36,4.13
2016-12-15,0.48,0.51,1.29,2.1,2.6,2.89,3.16,3.37,4.16
2016-12-22,0.42,0.51,1.22,2.04,2.55,2.86,3.12,3.52,4.3
2016-12-29,0.39,0.47,1.22,1.96,2.49,2.82,3.08,3.55,4.32
2017-01-05,0.51,0.52,1.17,1.86,2.37,2.69,2.96,3.44,4.2
2017-01-12,0.52,0.52,1.18,1.87,2.36,2.68,3.01,3.37,4.12
2017-01-19,0.47,0.52,1.25,1.97,2.47,2.77,3.04,3.34,4.09
2017-01-26,0.49,0.51,1.21,1.95,2.51,2.82,3.08,3.4,4.19
2017-02-02,0.5,0.52,1.21,1.92,2.48,2.8,3.09,3.41,4.19
2017-02-09,0.51,0.54,1.2,1.88,2.4,2.74,3.02,3.39,4.17
2017-02-16,0.51,0.53,1.22,1.95,2.45,2.8,3.05,3.35,4.15
2017-02-23,0.39,0.51,1.18,1.87,2.38,2.75,3.02,3.37,4.16
2017-03-02,0.52,0.67,1.32,2.03,2.49,2.84,3.09,3.32,4.1
2017-03-09,0.5,0.73,1.37,2.13,2.6,2.94,3.19,3.42,4.21
2017-03-16,0.68,0.73,1.35,2.05,2.53,2.89,3.14,3.5,4.3
2017-03-23,0.73,0.76,1.26,1.95,2.41,2.76,3.02,3.44,4.23
2017-03-30,0.75,0.78,1.28,1.96,2.42,2.78,3.03,3.39,4.14
2017-04-06,0.78,0.79,1.24,1.87,2.34,2.72,2.99,3.36,4.1
2017-04-13,0.76,0.81,1.21,1.77,2.24,2.62,2.89,3.34,4.08
2017-04-20,0.73,0.79,1.21,1.78,2.24,2.61,2.89,3.23,3.97
2017-04-27,0.7,0.81,1.25,1.81,2.3,2.68,2.96,3.27,4.03
2017-05-04,0.71,0.86,1.32,1.88,2.36,2.73,3.0,3.27,4.02
2017-05-11,0.68,0.89,1.35,1.93,2.39,2.78,3.03,3.29,4.05
2017-05-18,0.73,0.93,1.27,1.78,2.23,2.64,2.9,3.27,4.02
2017-05-25,0.72,0.94,1.3,1.78,2.25,2.65,2.92,3.19,3.95
2017-06-01,0.82,0.98,1.28,1.76,2.21,2.6,2.87,3.19,3.94
2017-06-08,0.8,1.01,1.33,1.75,2.19,2.57,2.85,3.16,3.89
2017-06-15,0.86,1.02,1.35,1.76,2.16,2.52,2.78,3.18,3.91
2017-06-22,0.8,0.96,1.34,1.76,2.15,2.47,2.72,3.17,3.9
2017-06-29,0.88,1.04,1.38,1.85,2.27,2.59,2.82,3.17,3.88
2017-07-06,0.95,1.04,1.4,1.94,2.37,2.68,2.9,3.22,3.96
2017-07-13,0.95,1.05,1.37,1.89,2.35,2.69,2.92,3.29,4.03
2017-07-20,1.0,1.15,1.37,1.82,2.27,2.6,2.83,3.23,3.96
2017-07-27,1.01,1.11,1.36,1.84,2.32,2.68,2.93,3.2,3.92
2017-08-03,1.0,1.08,1.34,1.79,2.24,2.56,2.81,3.18,3.93
2017-08-10,1.02,1.05,1.33,1.78,2.2,2.55,2.79,3.18,3.9
2017-08-17,0.95,1.0,1.32,1.76,2.19,2.54,2.78,3.16,3.89
2017-08-24,0.98,1.02,1.33,1.78,2.19,2.53,2.77,3.16,3.86
2017-08-31,0.95,1.01,1.33,1.7,2.12,2.47,2.73,3.12,3.82
2017-09-07,0.98,1.05,1.27,1.63,2.05,2.4,2.66,3.08,3.78
2017-09-14,0.99,1.05,1.37,1.79,2.2,2.52,2.77,3.08,3.78
2017-09-21,0.99,1.04,1.45,1.89,2.27,2.57,2.8,3.13,3.83
2017-09-28,0.97,1.06,1.45,1.89,2.31,2.63,2.87,3.13,3.83
2017-10-05,1.02,1.07,1.49,1.94,2.35,2.65,2.89,3.15,3.85
2017-10-12,0.99,1.09,1.51,1.95,2.33,2.62,2.86,3.21,3.91
2017-10-19,0.99,1.1,1.58,1.98,2.33,2.6,2.83,3.19,3.88
2017-10-26,0.99,1.11,1.63,2.07,2.46,2.74,2.96,3.25,3.94
2017-11-02,1.02,1.17,1.61,2.0,2.35,2.61,2.83,3.27,3.94
2017-11-09,1.07,1.24,1.63,2.01,2.33,2.59,2.81,3.24,3.9
2017-11-16,1.08,1.27,1.72,2.07,2.37,2.62,2.81,3.31,3.95
2017-11-22,1.16,1.29,1.74,2.05,2.32,2.57,2.75,3.32,3.92
2017-11-30,1.14,1.27,1.78,2.14,2.42,2.65,2.83,3.3,3.9
2017-12-07,1.16,1.29,1.8,2.14,2.37,2.58,2.76,3.36,3.94
2017-12-14,1.21,1.32,1.82,2.14,2.35,2.53,2.71,3.36,3.93
2017-12-21,1.21,1.35,1.89,2.26,2.48,2.68,2.84,3.38,3.94
2017-12-28,1.19,1.39,1.91,2.23,2.43,2.6,2.75,3.44,3.99
2018-01-04,1.28,1.41,1.96,2.27,2.46,2.62,2.79,3.38,3.95
2018-01-11,1.32,1.43,1.98,2.32,2.54,2.72,2.91,3.44,3.99
2018-01-18,1.29,1.45,2.05,2.43,2.62,2.77,2.9,3.49,4.04
2018-01-25,1.23,1.42,2.08,2.41,2.63,2.76,2.89,3.62,4.15
2018-02-01,1.41,1.48,2.16,2.56,2.78,2.9,3.01,3.68,4.22
2018-02-08,1.32,1.55,2.13,2.57,2.85,3.03,3.14,3.77,4.32
2018-02-15,1.3,1.58,2.19,2.65,2.9,3.04,3.15,3.84,4.38
2018-02-22,1.34,1.63,2.25,2.66,2.92,3.09,3.21,3.85,4.4
2018-03-01,1.5,1.63,2.22,2.58,2.81,2.97,3.09,3.9,4.43
2018-03-08,1.57,1.67,2.25,2.63,2.86,3.01,3.13,3.94,4.46
2018-03-15,1.7,1.77,2.29,2.62,2.82,2.94,3.05,3.9,4.44
2018-03-22,1.67,1.72,2.29,2.63,2.83,2.94,3.06,3.91,4.45
2018-03-29,1.63,1.73,2.27,2.56,2.74,2.85,2.97,3.9,4.44
2018-04-05,1.67,1.72,2.3,2.64,2.83,2.95,3.07,3.87,4.4
2018-04-12,1.65,1.75,2.34,2.67,2.83,2.92,3.05,3.87,4.42
2018-04-19,1.67,1.82,2.44,2.77,2.92,3.01,3.11,3.94,4.47
2018-04-26,1.62,1.82,2.49,2.82,3.0,3.08,3.18,4.02,4.58
2018-05-03,1.68,1.84,2.49,2.78,2.94,3.02,3.12,4.03,4.55
2018-05-10,1.69,1.9,2.54,2.83,2.97,3.04,3.12,4.01,4.55
2018-05-17,1.7,1.92,2.57,2.94,3.11,3.19,3.25,4.08,4.61
2018-05-24,1.74,1.91,2.5,2.82,2.98,3.06,3.13,4.15,4.66
2018-05-31,1.76,1.93,2.4,2.68,2.83,2.91,3.0,4.06,4.56
2018-06-07,1.78,1.94,2.5,2.77,2.93,3.0,3.08,4.01,4.54
2018-06-14,1.81,1.94,2.59,2.81,2.94,2.99,3.05,4.07,4.62
2018-06-21,1.85,1.94,2.56,2.77,2.9,2.97,3.04,4.04,4.57
2018-06-28,1.76,1.93,2.52,2.73,2.84,2.91,2.97,4.04,4.55
2018-07-05,1.87,1.96,2.55,2.74,2.84,2.88,2.95,3.99,4.52
2018-07-12,1.89,1.98,2.6,2.75,2.85,2.89,2.95,4.02,4.53
2018-07-19,1.89,2.0,2.6,2.74,2.84,2.9,2.96,4.0,4.52
2018-07-26,1.89,1.99,2.69,2.86,2.98,3.05,3.1,4.02,4.54
2018-08-02,1.89,2.02,2.66,2.85,2.98,3.06,3.12,4.08,4.6
2018-08-09,1.91,2.06,2.64,2.8,2.93,3.01,3.08,4.05,4.59
2018-08-16,1.96,2.07,2.63,2.75,2.87,2.95,3.03,4.01,4.53
2018-08-23,1.94,2.08,2.61,2.72,2.82,2.9,2.97,3.98,4.51
2018-08-30,1.97,2.11,2.64,2.75,2.86,2.93,3.0,3.97,4.52
2018-09-06,1.98,2.13,2.64,2.76,2.88,2.98,3.06,3.99,4.54
2018-09-13,2.01,2.15,2.76,2.87,2.97,3.04,3.11,4.06,4.6
2018-09-20,2.03,2.17,2.81,2.96,3.07,3.15,3.21,4.11,4.65
2018-09-27,2.1,2.18,2.83,2.96,3.06,3.13,3.19,4.16,4.72
2018-10-04,2.16,2.22,2.87,3.05,3.19,3.29,3.35,4.15,4.71
2018-10-11,2.14,2.27,2.85,3.0,3.14,3.25,3.32,4.29,4.9
2018-10-18,2.19,2.32,2.87,3.03,3.17,3.28,3.36,4.26,4.85
2018-10-25,2.19,2.34,2.86,2.98,3.14,3.27,3.35,4.29,4.86
2018-11-01,2.21,2.32,2.84,2.96,3.14,3.29,3.38,4.23,4.83
2018-11-08,2.21,2.35,2.98,3.09,3.24,3.36,3.43,4.33,4.94
2018-11-15,2.2,2.37,2.86,2.94,3.11,3.27,3.36,4.36,4.94
2018-11-21,2.25,2.41,2.81,2.89,3.06,3.22,3.31,4.24,4.81
2018-11-29,2.31,2.37,2.81,2.85,3.03,3.21,3.33,4.25,4.81
2018-12-06,2.36,2.41,2.75,2.75,2.87,3.01,3.14,4.21,4.75
2018-12-13,2.36,2.43,2.75,2.75,2.91,3.05,3.16,4.07,4.63
2018-12-20,2.42,2.39,2.67,2.65,2.79,2.92,3.02,4.07,4.62
2018-12-27,2.43,2.41,2.56,2.6,2.77,2.92,3.05,4.01,4.55
2019-01-03,2.42,2.41,2.39,2.37,2.56,2.75,2.92,3.99,4.51
2019-01-10,2.42,2.43,2.56,2.56,2.74,2.92,3.06,3.89,4.45
2019-01-17,2.41,2.42,2.56,2.58,2.75,2.93,3.07,3.88,4.45
2019-01-24,2.38,2.37,2.56,2.55,2.72,2.89,3.04,3.88,4.45
2019-01-31,2.42,2.41,2.45,2.43,2.63,2.83,2.99,3.89,4.46
2019-02-07,2.43,2.42,2.48,2.46,2.65,2.85,3.0,3.84,4.41
2019-02-14,2.45,2.43,2.5,2.48,2.66,2.85,3.01,3.81,4.37
2019-02-21,2.43,2.45,2.53,2.51,2.69,2.89,3.05,3.78,4.35
2019-02-28,2.44,2.45,2.52,2.52,2.73,2.94,3.09,3.77,4.35
2019-03-07,2.45,2.45,2.47,2.44,2.64,2.86,3.03,3.83,4.41
2019-03-14,2.48,2.45,2.46,2.43,2.63,2.86,3.04,3.76,4.31
2019-03-21,2.51,2.49,2.41,2.34,2.54,2.78,2.96,3.71,4.28
2019-03-28,2.44,2.43,2.23,2.2,2.39,2.62,2.81,3.57,4.06
2019-04-04,2.43,2.44,2.33,2.32,2.51,2.74,2.92,3.56,4.08
2019-04-11,2.42,2.43,2.35,2.31,2.51,2.74,2.94,3.6,4.12
2019-04-18,2.44,2.42,2.38,2.38,2.57,2.78,2.96,3.62,4.17
2019-04-25,2.43,2.43,2.33,2.33,2.54,2.76,2.94,3.64,4.2
2019-05-02,2.44,2.47,2.35,2.34,2.55,2.77,2.94,3.6,4.14
2019-05-09,2.43,2.43,2.26,2.25,2.45,2.69,2.87,3.57,4.1
2019-05-16,2.4,2.4,2.2,2.18,2.4,2.65,2.84,3.53,4.07
2019-05-23,2.38,2.37,2.12,2.11,2.31,2.56,2.75,3.51,4.06
2019-05-30,2.37,2.38,2.06,2.03,2.22,2.46,2.65,3.46,3.99
2019-06-06,2.32,2.33,1.88,1.88,2.12,2.42,2.62,3.28,3.82
2019-06-13,2.24,2.19,1.83,1.84,2.1,2.39,2.61,3.26,3.82
2019-06-20,2.17,2.14,1.72,1.74,2.01,2.31,2.53,3.25,3.84
2019-06-27,2.19,2.14,1.74,1.76,2.01,2.31,2.52,3.16,3.73
2019-07-03,2.25,2.21,1.77,1.74,1.96,2.25,2.47,3.18,3.75
2019-07-11,2.17,2.17,1.85,1.88,2.13,2.42,2.65,3.22,3.75
2019-07-18,2.11,2.05,1.77,1.78,2.04,2.34,2.56,3.23,3.81
2019-07-25,2.16,2.1,1.86,1.85,2.08,2.38,2.6,3.18,3.75
2019-08-01,2.11,2.07,1.73,1.68,1.9,2.21,2.44,3.2,3.75
2019-08-08,2.09,2.02,1.62,1.54,1.72,2.02,2.25,3.05,3.6
2019-08-15,2.08,1.91,1.48,1.42,1.52,1.8,1.98,3.07,3.6
2019-08-22,2.1,2.0,1.61,1.5,1.62,1.9,2.11,3.03,3.55
2019-08-29,2.1,1.99,1.53,1.4,1.5,1.78,1.97,3.06,3.58
2019-09-05,2.05,1.97,1.55,1.43,1.57,1.86,2.06,3.0,3.49
2019-09-12,1.99,1.95,1.72,1.65,1.79,2.06,2.22,3.09,3.56
2019-09-19,2.01,1.93,1.74,1.66,1.79,2.04,2.22,3.21,3.73
2019-09-26,1.91,1.83,1.66,1.59,1.7,1.96,2.15,3.16,3.64
2019-10-03,1.78,1.7,1.39,1.34,1.54,1.85,2.04,3.14,3.65
2019-10-10,1.74,1.68,1.53,1.48,1.67,1.96,2.16,3.05,3.57
2019-10-17,1.74,1.66,1.6,1.57,1.76,2.05,2.24,3.15,3.69
2019-10-24,1.75,1.67,1.58,1.58,1.77,2.08,2.26,3.18,3.75
2019-10-31,1.59,1.54,1.52,1.51,1.69,2.0,2.17,3.19,3.78
2019-11-07,1.57,1.56,1.68,1.74,1.92,2.24,2.4,3.13,3.69
2019-11-14,1.59,1.57,1.58,1.63,1.82,2.15,2.31,3.2,3.75
2019-11-21,1.57,1.58,1.6,1.62,1.77,2.09,2.24,3.15,3.66
2019-11-27,1.65,1.62,1.63,1.63,1.77,2.06,2.19,3.15,3.68
2019-12-05,1.52,1.54,1.58,1.62,1.8,2.11,2.24,3.14,3.68
2019-12-12,1.57,1.56,1.66,1.73,1.9,2.18,2.32,3.19,3.73
2019-12-19,1.54,1.57,1.62,1.73,1.92,2.21,2.35,3.19,3.73
2019-12-26,1.59,1.58,1.64,1.72,1.9,2.19,2.33,3.19,3.74
2020-01-02,1.53,1.54,1.58,1.67,1.88,2.19,2.33,3.16,3.72
2020-01-09,1.53,1.54,1.58,1.65,1.85,2.17,2.38,3.07,3.64
2020-01-16,1.54,1.55,1.58,1.63,1.81,2.11,2.26,3.09,3.65
2020-01-23,1.55,1.55,1.51,1.55,1.74,2.03,2.18,3.04,3.6
2020-01-30,1.59,1.57,1.41,1.39,1.57,1.88,2.04,3.0,3.51
2020-02-06,1.59,1.57,1.44,1.45,1.65,1.94,2.11,2.97,3.45
2020-02-13,1.59,1.59,1.44,1.43,1.61,1.91,2.07,2.97,3.47
2020-02-20,1.61,1.58,1.39,1.37,1.52,1.81,1.97,2.99,3.49
2020-02-27,1.56,1.45,1.11,1.11,1.3,1.61,1.79,2.95,3.45
2020-03-05,0.92,0.62,0.59,0.67,0.92,1.34,1.56,2.79,3.29
2020-03-12,0.41,0.33,0.5,0.66,0.88,1.27,1.49,2.77,3.36
2020-03-19,0.04,0.04,0.44,0.66,1.12,1.56,1.78,3.06,3.65
2020-03-26,0.01,0.0,0.3,0.51,0.83,1.2,1.42,2.92,3.5
2020-04-02,0.09,0.09,0.23,0.39,0.63,1.04,1.26,2.82,3.33
2020-04-09,0.2,0.25,0.23,0.41,0.73,1.15,1.35,2.77,3.33
2020-04-16,0.14,0.14,0.2,0.35,0.61,1.01,1.21,2.8,3.31
2020-04-23,0.09,0.11,0.22,0.37,0.61,0.99,1.18,2.86,3.33
2020-04-30,0.1,0.09,0.2,0.36,0.64,1.05,1.28,2.77,3.23
2020-05-07,0.1,0.11,0.13,0.29,0.63,1.05,1.31,2.73,3.26
2020-05-14,0.09,0.12,0.16,0.31,0.63,1.03,1.3,2.72,3.28
2020-05-21,0.09,0.12,0.17,0.35,0.68,1.16,1.4,2.7,3.24
2020-05-28,0.14,0.15,0.17,0.34,0.7,1.23,1.47,2.62,3.15
2020-06-04,0.13,0.15,0.19,0.4,0.82,1.38,1.61,2.62,3.18
2020-06-11,0.14,0.17,0.19,0.32,0.66,1.19,1.41,2.62,3.21
2020-06-18,0.13,0.16,0.19,0.34,0.71,1.24,1.47,2.58,3.13
2020-06-25,0.13,0.16,0.17,0.32,0.68,1.2,1.43,2.59,3.13
2020-07-02,0.13,0.14,0.16,0.29,0.68,1.2,1.43,2.56,3.07
2020-07-09,0.11,0.13,0.16,0.28,0.62,1.09,1.32,2.51,3.03
2020-07-16,0.12,0.11,0.16,0.28,0.62,1.09,1.31,2.48,2.98
2020-07-23,0.09,0.12,0.16,0.27,0.59,1.03,1.24,2.54,3.01
2020-07-30,0.1,0.09,0.11,0.23,0.55,0.98,1.2,2.51,2.99
2020-08-06,0.07,0.1,0.11,0.21,0.55,0.98,1.2,2.44,2.88
2020-08-13,0.08,0.1,0.16,0.32,0.71,1.2,1.42,2.46,2.96
2020-08-20,0.08,0.11,0.13,0.26,0.65,1.15,1.38,2.54,2.99
2020-08-27,0.09,0.11,0.16,0.31,0.74,1.28,1.5,2.46,2.91
2020-09-03,0.1,0.11,0.13,0.24,0.63,1.13,1.34,2.42,2.93
2020-09-10,0.1,0.12,0.14,0.26,0.68,1.22,1.43,2.37,2.86
2020-09-17,0.09,0.09,0.13,0.28,0.69,1.22,1.43,2.35,2.87
2020-09-24,0.08,0.1,0.14,0.27,0.67,1.19,1.4,2.4,2.9
2020-10-01,0.09,0.09,0.14,0.27,0.68,1.23,1.45,2.36,2.88
2020-10-08,0.09,0.09,0.13,0.33,0.78,1.34,1.57,2.37,2.87
2020-10-15,0.1,0.11,0.14,0.32,0.74,1.29,1.52,2.35,2.81
2020-10-22,0.09,0.09,0.16,0.38,0.87,1.43,1.67,2.33,2.8
2020-10-29,0.08,0.09,0.16,0.38,0.85,1.39,1.62,2.32,2.81
2020-11-05,0.09,0.1,0.14,0.33,0.79,1.32,1.54,2.32,2.78
2020-11-12,0.1,0.1,0.17,0.4,0.88,1.42,1.64,2.34,2.84
2020-11-19,0.08,0.07,0.18,0.39,0.86,1.38,1.58,2.28,2.72
2020-11-25,0.07,0.09,0.17,0.39,0.88,1.41,1.62,2.28,2.72
2020-12-03,0.08,0.08,0.16,0.4,0.92,1.46,1.67,2.26,2.71
2020-12-10,0.07,0.08,0.14,0.39,0.92,1.44,1.65,2.26,2.71
2020-12-17,0.08,0.08,0.13,0.38,0.94,1.47,1.68,2.21,2.67
2020-12-24,0.09,0.09,0.13,0.37,0.94,1.46,1.66,2.19,2.66
2020-12-31,0.08,0.09,0.13,0.36,0.93,1.45,1.65,2.17,2.67
2021-01-07,0.09,0.09,0.14,0.46,1.08,1.64,1.85,2.16,2.65
2021-01-14,0.09,0.09,0.16,0.49,1.15,1.69,1.88,2.23,2.79
2021-01-21,0.07,0.09,0.13,0.45,1.12,1.68,1.87,2.21,2.77
2021-01-28,0.05,0.07,0.12,0.42,1.07,1.63,1.81,2.2,2.73
2021-02-04,0.03,0.04,0.11,0.46,1.15,1.75,1.93,2.21,2.73
2021-02-11,0.05,0.05,0.11,0.46,1.16,1.77,1.94,2.19,2.73
2021-02-18,0.03,0.03,0.11,0.56,1.29,1.91,2.08,2.21,2.81
2021-02-25,0.04,0.04,0.17,0.81,1.54,2.25,2.33,2.34,2.97
2021-03-04,0.03,0.04,0.14,0.77,1.54,2.18,2.3,2.34,3.02
2021-03-11,0.04,0.04,0.14,0.78,1.54,2.18,2.29,2.38,3.05
2021-03-18,0.01,0.01,0.16,0.86,1.71,2.36,2.45,2.4,3.09
2021-03-25,0.02,0.02,0.14,0.82,1.63,2.24,2.34,2.45,3.17
2021-04-01,0.02,0.02,0.17,0.9,1.69,2.24,2.34,2.45,3.18
2021-04-08,0.02,0.01,0.14,0.85,1.64,2.22,2.32,2.42,3.13
2021-04-15,0.02,0.02,0.16,0.81,1.56,2.13,2.23,2.35,3.04
2021-04-22,0.02,0.03,0.16,0.81,1.57,2.13,2.24,2.29,2.97
2021-04-29,0.01,0.01,0.16,0.86,1.65,2.2,2.31,2.31,2.98
2021-05-06,0.01,0.02,0.16,0.81,1.58,2.14,2.24,2.3,2.96
2021-05-13,0.0,0.02,0.16,0.84,1.66,2.28,2.39,2.26,2.94
2021-05-20,0.01,0.01,0.15,0.83,1.63,2.25,2.34,2.29,3.0
2021-05-27,0.0,0.02,0.14,0.81,1.61,2.2,2.29,2.27,2.95
2021-06-03,0.0,0.02,0.16,0.84,1.63,2.22,2.3,2.27,2.99
2021-06-10,0.01,0.03,0.14,0.73,1.45,2.07,2.15,2.23,2.96
2021-06-17,0.05,0.04,0.23,0.9,1.52,2.05,2.11,2.24,2.93
2021-06-24,0.05,0.05,0.26,0.9,1.49,2.03,2.1,2.34,3.02
2021-07-01,0.05,0.05,0.25,0.89,1.48,2.01,2.07,2.26,2.98
2021-07-08,0.06,0.06,0.19,0.74,1.3,1.84,1.91,2.2,2.9
2021-07-15,0.05,0.05,0.23,0.78,1.31,1.85,1.92,2.22,2.88
2021-07-22,0.04,0.05,0.2,0.71,1.27,1.82,1.9,2.12,2.78
2021-07-29,0.05,0.06,0.2,0.73,1.28,1.84,1.91,2.1,2.8
2021-08-05,0.05,0.05,0.21,0.72,1.23,1.77,1.86,2.1,2.77
2021-08-12,0.05,0.06,0.23,0.83,1.36,1.92,2.03,2.15,2.87
2021-08-19,0.04,0.06,0.22,0.78,1.24,1.8,1.88,2.16,2.86
2021-08-26,0.04,0.05,0.25,0.84,1.34,1.87,1.94,2.17,2.87
2021-09-02,0.05,0.05,0.2,0.78,1.29,1.83,1.9,2.18,2.87
2021-09-09,0.07,0.04,0.23,0.79,1.3,1.83,1.9,2.19,2.88
2021-09-16,0.06,0.04,0.23,0.84,1.34,1.83,1.88,2.12,2.86
2021-09-23,0.05,0.03,0.27,0.94,1.41,1.87,1.92,2.15,2.88
2021-09-30,0.07,0.04,0.28,0.98,1.52,2.02,2.08,2.28,3.01
2021-10-07,0.03,0.05,0.32,1.02,1.58,2.08,2.13,2.23,2.99
2021-10-14,0.05,0.05,0.36,1.05,1.52,1.97,2.02,2.3,3.05
2021-10-21,0.06,0.06,0.45,1.23,1.68,2.1,2.13,2.33,3.09
2021-10-28,0.06,0.06,0.5,1.18,1.57,1.98,1.96,2.37,3.14
2021-11-04,0.05,0.04,0.41,1.1,1.53,1.96,1.96,2.35,3.09
2021-11-10,0.06,0.05,0.51,1.23,1.56,1.96,1.92,2.27,2.98
2021-11-18,0.12,0.05,0.52,1.22,1.59,2.01,1.97,2.39,3.1
2021-11-24,0.14,0.06,0.64,1.34,1.64,2.03,1.96,2.42,3.1
2021-12-02,0.05,0.05,0.63,1.21,1.44,1.87,1.76,2.39,3.11
2021-12-09,0.03,0.06,0.7,1.26,1.49,1.91,1.87,2.38,3.1
2021-12-16,0.04,0.05,0.64,1.19,1.44,1.91,1.87,2.34,3.12
2021-12-23,0.04,0.07,0.71,1.25,1.5,1.94,1.91,2.3,3.05
2021-12-30,0.06,0.05,0.73,1.27,1.52,1.97,1.93,2.33,3.11
2022-01-06,0.04,0.1,0.88,1.47,1.73,2.12,2.09,2.43,3.22
2022-01-13,0.05,0.12,0.91,1.47,1.7,2.1,2.05,2.62,3.45
2022-01-20,0.05,0.17,1.08,1.62,1.83,2.19,2.14,2.79,3.56
2022-01-27,0.04,0.2,1.18,1.66,1.81,2.17,2.09,2.8,3.55
2022-02-03,0.03,0.2,1.19,1.66,1.82,2.2,2.14,2.77,3.55
2022-02-10,0.05,0.4,1.61,1.96,2.03,2.37,2.3,2.93,3.69
2022-02-17,0.06,0.36,1.49,1.85,1.97,2.35,2.31,3.15,3.92
2022-02-24,0.05,0.32,1.54,1.84,1.96,2.36,2.28,3.14,3.89
2022-03-03,0.19,0.38,1.53,1.74,1.86,2.32,2.24,3.01,3.76
2022-03-10,0.19,0.39,1.72,1.92,1.98,2.45,2.38,3.09,3.85
2022-03-17,0.2,0.4,1.94,2.17,2.2,2.6,2.5,3.39,4.16
2022-03-24,0.16,0.52,2.13,2.37,2.34,2.63,2.51,3.63,4.42
2022-03-31,0.17,0.52,2.28,2.42,2.32,2.59,2.44,3.83,4.67
2022-04-07,0.21,0.68,2.47,2.7,2.66,2.87,2.69,3.91,4.72
2022-04-14,0.37,0.79,2.47,2.79,2.83,3.09,2.92,4.17,5.0
2022-04-21,0.5,0.83,2.68,2.96,2.9,3.12,2.94,4.38,5.11
2022-04-28,0.37,0.82,2.63,2.86,2.85,3.1,2.92,4.4,5.1
2022-05-05,0.49,0.85,2.71,3.01,3.05,3.35,3.15,4.52,5.27
2022-05-12,0.61,0.96,2.56,2.81,2.84,3.22,3.0,4.48,5.3
2022-05-19,0.65,1.05,2.63,2.84,2.84,3.24,3.05,4.43,5.25
2022-05-26,0.71,1.07,2.46,2.7,2.75,3.18,2.99,4.31,5.1
2022-06-02,0.85,1.17,2.65,2.92,2.92,3.3,3.09,4.32,5.09
2022-06-09,1.05,1.3,2.83,3.07,3.04,3.4,3.18,4.38,5.23
2022-06-16,1.19,1.59,3.14,3.35,3.28,3.59,3.35,4.81,5.78
2022-06-23,1.12,1.65,3.01,3.14,3.09,3.45,3.21,4.92,5.81
2022-06-30,1.28,1.72,2.92,3.01,2.98,3.38,3.14,4.83,5.7
2022-07-07,1.55,1.95,3.03,3.05,3.01,3.45,3.2,4.45,5.3
2022-07-14,1.99,2.4,3.15,3.06,2.96,3.36,3.11,4.67,5.51
2022-07-21,2.15,2.48,3.1,3.0,2.91,3.33,3.08,4.75,5.54
2022-07-28,2.2,2.42,2.85,2.69,2.68,3.23,3.02,4.58,5.3
2022-08-04,2.19,2.5,3.03,2.76,2.68,3.15,2.97,4.26,4.99
2022-08-11,2.24,2.62,3.23,2.98,2.87,3.38,3.15,4.59,5.22
2022-08-18,2.23,2.71,3.22,3.02,2.88,3.35,3.14,4.55,5.13
2022-08-25,2.42,2.88,3.35,3.15,3.03,3.47,3.25,4.85,5.55
2022-09-01,2.53,2.97,3.51,3.39,3.26,3.64,3.37,4.98,5.66
2022-09-08,2.57,3.06,3.48,3.39,3.29,3.69,3.45,5.16,5.89
2022-09-15,2.76,3.22,3.87,3.66,3.45,3.75,3.48,5.21,6.02
2022-09-22,2.73,3.29,4.11,3.91,3.7,3.9,3.65,5.44,6.29
2022-09-29,2.78,3.36,4.16,3.98,3.76,4.0,3.71,5.96,6.7
2022-10-06,3.05,3.46,4.23,4.05,3.83,4.08,3.81,5.9,6.66
2022-10-13,3.35,3.79,4.47,4.21,3.97,4.25,3.97,6.09,6.92
2022-10-20,3.58,4.09,4.62,4.45,4.24,4.47,4.24,6.23,6.94
2022-10-27,3.76,4.13,4.3,4.09,3.96,4.32,4.12,6.36,7.08
2022-11-03,3.75,4.25,4.71,4.36,4.14,4.42,4.18,6.29,6.95
2022-11-10,3.71,4.28,4.34,3.95,3.82,4.24,4.03,6.38,7.08
2022-11-17,3.93,4.32,4.43,3.93,3.77,4.1,3.89,5.98,6.61
2022-11-23,4.12,4.4,4.46,3.88,3.71,3.97,3.74,5.9,6.58
2022-12-01,4.04,4.33,4.25,3.68,3.53,3.85,3.64,5.76,6.49
2022-12-08,3.75,4.28,4.31,3.71,3.48,3.71,3.44,5.67,6.33
2022-12-15,3.95,4.34,4.23,3.62,3.44,3.69,3.48,5.54,6.31
2022-12-22,3.8,4.35,4.24,3.79,3.67,3.91,3.73,5.69,6.27
2022-12-29,4.04,4.45,4.34,3.94,3.83,4.09,3.92,5.68,6.42
2023-01-05,4.3,4.66,4.45,3.9,3.71,3.96,3.78,5.73,6.48
2023-01-12,4.57,4.66,4.12,3.53,3.43,3.73,3.56,5.52,6.33
2023-01-19,4.69,4.71,4.09,3.48,3.39,3.69,3.57,5.28,6.15
2023-01-26,4.61,4.71,4.17,3.58,3.49,3.75,3.62,5.17,6.13
2023-02-02,4.62,4.66,4.09,3.49,3.4,3.67,3.55,5.14,6.09
2023-02-09,4.66,4.77,4.48,3.87,3.67,3.9,3.75,5.25,6.12
2023-02-16,4.66,4.84,4.62,4.06,3.86,4.05,3.92,5.51,6.32
2023-02-23,4.66,4.84,4.66,4.09,3.88,4.04,3.88,5.76,6.5
2023-03-02,4.75,4.91,4.89,4.32,4.08,4.24,4.03,5.89,6.65
2023-03-09,4.83,5.05,4.9,4.22,3.93,4.09,3.88,5.95,6.73
2023-03-16,4.22,4.74,4.14,3.72,3.56,3.87,3.71,5.9,6.6
2023-03-23,4.26,4.73,3.76,3.39,3.38,3.78,3.66,5.68,6.42
2023-03-30,4.74,4.97,4.1,3.66,3.55,3.88,3.74,5.56,6.32
2023-04-06,4.57,4.91,3.82,3.37,3.3,3.66,3.54,5.64,6.28
2023-04-13,4.08,5.1,3.96,3.51,3.45,3.8,3.69,5.54,6.27
